isic_id,cluster_label
ISIC_0053456,1
ISIC_0053469,-1
ISIC_0053470,0
ISIC_0053471,2
ISIC_0053473,1
ISIC_0053479,2
ISIC_0053485,1
ISIC_0053489,0
ISIC_0053491,1
ISIC_0053492,-1
ISIC_0053495,-1
ISIC_0053503,0
ISIC_0053507,1
ISIC_0053508,2
ISIC_0053509,2
ISIC_0053510,1
ISIC_0053512,-1
ISIC_0053513,0
ISIC_0053518,1
ISIC_0053520,0
ISIC_0053525,-1
ISIC_0053531,0
ISIC_0053533,0
ISIC_0053541,-1
ISIC_0053542,2
ISIC_0053545,1
ISIC_0053570,1
ISIC_0053578,1
ISIC_0053582,1
ISIC_0053589,1
ISIC_0053594,2
ISIC_0053603,1
ISIC_0053611,1
ISIC_0053615,1
ISIC_0053617,1
ISIC_0053620,1
ISIC_0053632,0
ISIC_0053659,1
ISIC_0053660,0
ISIC_0053667,0
ISIC_0053674,1
ISIC_0053691,1
ISIC_0053698,2
ISIC_0053699,-1
ISIC_0053700,0
ISIC_0053723,-1
ISIC_0053725,1
ISIC_0053734,2
ISIC_0053740,0
ISIC_0053742,1
ISIC_0053743,1
ISIC_0053751,1
ISIC_0053761,1
ISIC_0053763,0
ISIC_0053765,1
ISIC_0053766,0
ISIC_0053774,1
ISIC_0053784,0
ISIC_0053787,0
ISIC_0053790,0
ISIC_0053791,-1
ISIC_0053796,2
ISIC_0053801,1
ISIC_0053810,1
ISIC_0053812,-1
ISIC_0053814,1
ISIC_0053816,2
ISIC_0053823,1
ISIC_0053824,1
ISIC_0053827,0
ISIC_0053828,0
ISIC_0053829,-1
ISIC_0053839,1
ISIC_0053841,-1
ISIC_0053843,1
ISIC_0053846,-1
ISIC_0053853,0
ISIC_0053891,1
ISIC_0053893,1
ISIC_0053904,-1
ISIC_0053909,1
ISIC_0053912,0
ISIC_0053916,2
ISIC_0053923,-1
ISIC_0053925,1
ISIC_0053933,2
ISIC_0053946,-1
ISIC_0053960,0
ISIC_0053969,-1
ISIC_0053971,-1
ISIC_0053974,-1
ISIC_0053980,0
ISIC_0053981,0
ISIC_0053996,1
ISIC_0054006,1
ISIC_0054015,1
ISIC_0054025,0
ISIC_0054032,1
ISIC_0054038,1
ISIC_0054043,1
ISIC_0054048,1
ISIC_0054053,1
ISIC_0054059,1
ISIC_0054061,1
ISIC_0054062,0
ISIC_0054070,0
ISIC_0054073,-1
ISIC_0054078,1
ISIC_0054079,0
ISIC_0054080,1
ISIC_0054082,2
ISIC_0054085,1
ISIC_0054090,0
ISIC_0054103,2
ISIC_0054106,2
ISIC_0054110,0
ISIC_0054112,0
ISIC_0054117,-1
ISIC_0054123,2
ISIC_0054141,2
ISIC_0054151,-1
ISIC_0054159,-1
ISIC_0054167,1
ISIC_0054179,0
ISIC_0054185,1
ISIC_0054188,1
ISIC_0054193,2
ISIC_0054198,0
ISIC_0054205,1
ISIC_0054213,-1
ISIC_0054220,2
ISIC_0054222,1
ISIC_0054226,0
ISIC_0054229,-1
ISIC_0054233,2
ISIC_0054236,0
ISIC_0054239,1
ISIC_0054244,1
ISIC_0054248,1
ISIC_0054251,2
ISIC_0054254,0
ISIC_0054264,1
ISIC_0054274,1
ISIC_0054284,0
ISIC_0054287,2
ISIC_0054292,1
ISIC_0054296,1
ISIC_0054312,1
ISIC_0054314,2
ISIC_0054317,-1
ISIC_0054334,2
ISIC_0054337,1
ISIC_0054351,0
ISIC_0054355,-1
ISIC_0054364,-1
ISIC_0054366,0
ISIC_0054371,1
ISIC_0054377,1
ISIC_0054379,2
ISIC_0054384,-1
ISIC_0054391,-1
ISIC_0054399,0
ISIC_0054410,0
ISIC_0054412,0
ISIC_0054416,-1
ISIC_0054430,1
ISIC_0054444,1
ISIC_0054445,0
ISIC_0054458,-1
ISIC_0054459,1
ISIC_0054462,1
ISIC_0054464,-1
ISIC_0054465,1
ISIC_0054497,1
ISIC_0054501,2
ISIC_0054506,1
ISIC_0054512,-1
ISIC_0054516,1
ISIC_0054520,1
ISIC_0054523,2
ISIC_0054528,1
ISIC_0054544,2
ISIC_0054548,0
ISIC_0054563,1
ISIC_0054568,1
ISIC_0054574,0
ISIC_0054599,-1
ISIC_0054612,-1
ISIC_0054618,-1
ISIC_0054624,1
ISIC_0054625,0
ISIC_0054629,0
ISIC_0054637,0
ISIC_0054651,1
ISIC_0054661,2
ISIC_0054663,1
ISIC_0054670,0
ISIC_0054671,1
ISIC_0054673,1
ISIC_0054677,1
ISIC_0054694,-1
ISIC_0054705,1
ISIC_0054725,0
ISIC_0054728,1
ISIC_0054734,2
ISIC_0054744,1
ISIC_0054747,1
ISIC_0054748,0
ISIC_0054756,-1
ISIC_0054760,1
ISIC_0054763,2
ISIC_0054765,0
ISIC_0054767,1
ISIC_0054770,-1
ISIC_0054777,1
ISIC_0054787,1
ISIC_0054793,-1
ISIC_0054802,2
ISIC_0054819,1
ISIC_0054821,-1
ISIC_0054825,0
ISIC_0054827,-1
ISIC_0054842,1
ISIC_0054844,0
ISIC_0054848,1
ISIC_0054851,-1
ISIC_0054852,-1
ISIC_0054853,1
ISIC_0054874,1
ISIC_0054889,-1
ISIC_0054892,1
ISIC_0054894,0
ISIC_0054902,2
ISIC_0054904,-1
ISIC_0054906,0
ISIC_0054912,2
ISIC_0054914,1
ISIC_0054919,2
ISIC_0054936,1
ISIC_0054941,0
ISIC_0054961,2
ISIC_0054963,1
ISIC_0054969,1
ISIC_0054970,2
ISIC_0054971,0
ISIC_0054973,0
ISIC_0054974,1
ISIC_0054976,1
ISIC_0054979,2
ISIC_0054982,1
ISIC_0054988,1
ISIC_0054995,0
ISIC_0055001,0
ISIC_0055002,0
ISIC_0055022,1
ISIC_0055024,1
ISIC_0055031,1
ISIC_0055039,1
ISIC_0055048,2
ISIC_0055051,1
ISIC_0055052,-1
ISIC_0055054,1
ISIC_0055056,0
ISIC_0055062,1
ISIC_0055074,0
ISIC_0055079,1
ISIC_0055081,0
ISIC_0055086,-1
ISIC_0055087,-1
ISIC_0055091,1
ISIC_0055110,2
ISIC_0055136,1
ISIC_0055141,0
ISIC_0055143,0
ISIC_0055147,0
ISIC_0055156,1
ISIC_0055161,2
ISIC_0055167,0
ISIC_0055175,-1
ISIC_0055179,0
ISIC_0055181,1
ISIC_0055191,1
ISIC_0055193,0
ISIC_0055202,1
ISIC_0055205,1
ISIC_0055208,1
ISIC_0055226,2
ISIC_0055227,0
ISIC_0055236,-1
ISIC_0055241,1
ISIC_0055246,1
ISIC_0055249,0
ISIC_0055264,1
ISIC_0055265,2
ISIC_0055268,-1
ISIC_0055276,1
ISIC_0055282,1
ISIC_0055289,1
ISIC_0055293,2
ISIC_0055295,2
ISIC_0055297,1
ISIC_0055298,-1
ISIC_0055309,-1
ISIC_0055311,1
ISIC_0055314,2
ISIC_0055318,1
ISIC_0055337,1
ISIC_0055340,0
ISIC_0055344,0
ISIC_0055355,1
ISIC_0055359,1
ISIC_0055362,0
ISIC_0055363,2
ISIC_0055367,-1
ISIC_0055380,0
ISIC_0055393,0
ISIC_0055398,2
ISIC_0055412,-1
ISIC_0055417,0
ISIC_0055419,1
ISIC_0055421,0
ISIC_0055425,-1
ISIC_0055438,1
ISIC_0055440,1
ISIC_0055445,-1
ISIC_0055451,1
ISIC_0055453,1
ISIC_0055454,0
ISIC_0055462,0
ISIC_0055464,0
ISIC_0055465,0
ISIC_0055467,1
ISIC_0055474,-1
ISIC_0055492,0
ISIC_0055496,1
ISIC_0055500,1
ISIC_0055503,-1
ISIC_0055511,1
ISIC_0055513,0
ISIC_0055517,0
ISIC_0055518,1
ISIC_0055519,1
ISIC_0055525,1
ISIC_0055527,1
ISIC_0055528,1
ISIC_0055543,1
ISIC_0055546,1
ISIC_0055550,1
ISIC_0055562,1
ISIC_0055570,1
ISIC_0055572,2
ISIC_0055582,1
ISIC_0055613,2
ISIC_0055616,2
ISIC_0055618,-1
ISIC_0055622,0
ISIC_0055623,0
ISIC_0055624,1
ISIC_0055631,2
ISIC_0055643,2
ISIC_0055659,1
ISIC_0055665,0
ISIC_0055680,1
ISIC_0055684,1
ISIC_0055688,1
ISIC_0055690,1
ISIC_0055699,1
ISIC_0055701,0
ISIC_0055707,1
ISIC_0055709,0
ISIC_0055714,-1
ISIC_0055720,1
ISIC_0055733,1
ISIC_0055742,0
ISIC_0055743,1
ISIC_0055756,1
ISIC_0055759,-1
ISIC_0055764,0
ISIC_0055767,2
ISIC_0055771,-1
ISIC_0055776,0
ISIC_0055780,1
ISIC_0055781,1
ISIC_0055783,1
ISIC_0055788,0
ISIC_0055789,2
ISIC_0055796,1
ISIC_0055797,1
ISIC_0055799,-1
ISIC_0055802,1
ISIC_0055818,1
ISIC_0055820,1
ISIC_0055821,-1
ISIC_0055825,1
ISIC_0055828,1
ISIC_0055832,1
ISIC_0055840,2
ISIC_0055841,0
ISIC_0055854,-1
ISIC_0055859,2
ISIC_0055862,1
ISIC_0055871,0
ISIC_0055876,0
ISIC_0055887,0
ISIC_0055892,0
ISIC_0055896,-1
ISIC_0055899,2
ISIC_0055900,2
ISIC_0055905,1
ISIC_0055907,1
ISIC_0055911,1
ISIC_0055930,1
ISIC_0055931,1
ISIC_0055937,2
ISIC_0055938,0
ISIC_0055953,1
ISIC_0055954,0
ISIC_0055960,1
ISIC_0055967,0
ISIC_0055984,1
ISIC_0055999,2
ISIC_0056001,2
ISIC_0056007,1
ISIC_0056017,1
ISIC_0056019,1
ISIC_0056036,1
ISIC_0056041,-1
ISIC_0056044,-1
ISIC_0056047,1
ISIC_0056050,0
ISIC_0056051,0
ISIC_0056061,1
ISIC_0056063,-1
ISIC_0056079,0
ISIC_0056089,1
ISIC_0056092,1
ISIC_0056105,1
ISIC_0056113,1
ISIC_0056118,0
ISIC_0056130,2
ISIC_0056133,1
ISIC_0056136,1
ISIC_0056138,0
ISIC_0056141,1
ISIC_0056145,1
ISIC_0056152,1
ISIC_0056156,1
ISIC_0056167,0
ISIC_0056170,1
ISIC_0056181,1
ISIC_0056185,1
ISIC_0056186,1
ISIC_0056190,0
ISIC_0056192,1
ISIC_0056201,2
ISIC_0056202,1
ISIC_0056210,-1
ISIC_0056214,-1
ISIC_0056217,1
ISIC_0056221,0
ISIC_0056225,-1
ISIC_0056228,0
ISIC_0056232,1
ISIC_0056247,1
ISIC_0056261,0
ISIC_0056263,2
ISIC_0056269,1
ISIC_0056271,-1
ISIC_0056283,1
ISIC_0056292,1
ISIC_0056298,1
ISIC_0056309,2
ISIC_0056319,-1
ISIC_0056330,2
ISIC_0056337,-1
ISIC_0056345,-1
ISIC_0056347,1
ISIC_0056364,1
ISIC_0056382,2
ISIC_0056389,1
ISIC_0056392,2
ISIC_0056401,2
ISIC_0056403,2
ISIC_0056413,2
ISIC_0056415,-1
ISIC_0056422,1
ISIC_0056425,1
ISIC_0056428,1
ISIC_0056446,1
ISIC_0056447,0
ISIC_0056448,0
ISIC_0056449,-1
ISIC_0056454,0
ISIC_0056479,-1
ISIC_0056481,1
ISIC_0056483,1
ISIC_0056487,0
ISIC_0056501,1
ISIC_0056511,0
ISIC_0056525,1
ISIC_0056527,2
ISIC_0056531,0
ISIC_0056546,1
ISIC_0056551,2
ISIC_0056554,1
ISIC_0056572,1
ISIC_0056573,1
ISIC_0056601,1
ISIC_0056604,-1
ISIC_0056612,1
ISIC_0056614,0
ISIC_0056625,1
ISIC_0056626,1
ISIC_0056632,-1
ISIC_0056644,1
ISIC_0056652,0
ISIC_0056655,-1
ISIC_0056659,0
ISIC_0056660,2
ISIC_0056676,2
ISIC_0056677,1
ISIC_0056680,2
ISIC_0056683,1
ISIC_0056684,2
ISIC_0056688,2
ISIC_0056692,-1
ISIC_0056710,1
ISIC_0056717,-1
ISIC_0056719,2
ISIC_0056723,1
ISIC_0056725,-1
ISIC_0056728,-1
ISIC_0056729,0
ISIC_0056739,1
ISIC_0056740,1
ISIC_0056749,-1
ISIC_0056750,1
ISIC_0056751,0
ISIC_0056753,2
ISIC_0056770,1
ISIC_0056788,-1
ISIC_0056790,0
ISIC_0056796,1
ISIC_0056800,2
ISIC_0056806,0
ISIC_0056814,1
ISIC_0056816,1
ISIC_0056817,1
ISIC_0056819,1
ISIC_0056820,1
ISIC_0056844,0
ISIC_0056848,0
ISIC_0056849,-1
ISIC_0056851,1
ISIC_0056860,2
ISIC_0056863,0
ISIC_0056871,2
ISIC_0056876,0
ISIC_0056893,0
ISIC_0056900,1
ISIC_0056901,1
ISIC_0056902,1
ISIC_0056915,0
ISIC_0056921,1
ISIC_0056926,0
ISIC_0056938,1
ISIC_0056940,-1
ISIC_0056957,2
ISIC_0056967,1
ISIC_0056974,2
ISIC_0056981,-1
ISIC_0056984,1
ISIC_0056988,2
ISIC_0056991,1
ISIC_0057001,1
ISIC_0057003,1
ISIC_0057015,-1
ISIC_0057016,0
ISIC_0057019,1
ISIC_0057023,1
ISIC_0057025,0
ISIC_0057027,2
ISIC_0057033,0
ISIC_0057044,-1
ISIC_0057045,1
ISIC_0057048,1
ISIC_0057067,2
ISIC_0057083,-1
ISIC_0057089,1
ISIC_0057113,2
ISIC_0057141,1
ISIC_0057147,1
ISIC_0057148,1
ISIC_0057152,0
ISIC_0057154,1
ISIC_0057155,2
ISIC_0057164,0
ISIC_0057169,1
ISIC_0057171,1
ISIC_0057172,1
ISIC_0057188,-1
ISIC_0057192,1
ISIC_0057199,1
ISIC_0057204,0
ISIC_0057211,2
ISIC_0057234,0
ISIC_0057235,0
ISIC_0057244,1
ISIC_0057252,0
ISIC_0057257,1
ISIC_0057286,1
ISIC_0057302,-1
ISIC_0057306,0
ISIC_0057307,0
ISIC_0057313,-1
ISIC_0057315,-1
ISIC_0057317,0
ISIC_0057323,0
ISIC_0057324,2
ISIC_0057328,2
ISIC_0057331,2
ISIC_0057338,1
ISIC_0057344,1
ISIC_0057360,1
ISIC_0057362,0
ISIC_0057370,0
ISIC_0057371,1
ISIC_0057374,1
ISIC_0057390,0
ISIC_0057395,1
ISIC_0057397,1
ISIC_0057406,2
ISIC_0057408,0
ISIC_0057412,-1
ISIC_0057417,2
ISIC_0057436,0
ISIC_0057450,2
ISIC_0057457,1
ISIC_0057462,1
ISIC_0057465,0
ISIC_0057482,0
ISIC_0057496,1
ISIC_0057518,2
ISIC_0057531,1
ISIC_0057534,1
ISIC_0057535,0
ISIC_0057539,1
ISIC_0057545,1
ISIC_0057548,1
ISIC_0057554,1
ISIC_0057556,1
ISIC_0057557,1
ISIC_0057558,1
ISIC_0057559,1
ISIC_0057577,1
ISIC_0057591,1
ISIC_0057593,1
ISIC_0057594,0
ISIC_0057609,1
ISIC_0057611,-1
ISIC_0057615,-1
ISIC_0057617,0
ISIC_0057619,1
ISIC_0057621,-1
ISIC_0057634,2
ISIC_0057656,1
ISIC_0057661,2
ISIC_0057668,-1
ISIC_0057672,1
ISIC_0057685,2
ISIC_0057687,2
ISIC_0057700,1
ISIC_0057702,1
ISIC_0057716,1
ISIC_0057725,2
ISIC_0057731,1
ISIC_0057734,1
ISIC_0057736,1
ISIC_0057744,-1
ISIC_0057747,0
ISIC_0057753,0
ISIC_0057759,0
ISIC_0057762,0
ISIC_0057769,1
ISIC_0057771,-1
ISIC_0057782,0
ISIC_0057783,-1
ISIC_0057787,1
ISIC_0057791,2
ISIC_0057808,0
ISIC_0057815,1
ISIC_0057821,2
ISIC_0057828,1
ISIC_0057838,2
ISIC_0057841,1
ISIC_0057844,2
ISIC_0057848,0
ISIC_0057851,2
ISIC_0057864,1
ISIC_0057870,1
ISIC_0057881,2
ISIC_0057891,0
ISIC_0057898,1
ISIC_0057900,1
ISIC_0057913,2
ISIC_0057914,0
ISIC_0057921,1
ISIC_0057936,1
ISIC_0057938,2
ISIC_0057939,-1
ISIC_0057947,-1
ISIC_0057949,0
ISIC_0057953,1
ISIC_0057960,1
ISIC_0057968,0
ISIC_0057973,-1
ISIC_0057974,1
ISIC_0057976,2
ISIC_0057978,1
ISIC_0057980,2
ISIC_0057996,0
ISIC_0057999,-1
ISIC_0058000,0
ISIC_0058003,2
ISIC_0058007,0
ISIC_0058010,1
ISIC_0058015,1
ISIC_0058016,0
ISIC_0058021,2
ISIC_0058024,1
ISIC_0058028,2
ISIC_0058033,1
ISIC_0058040,0
ISIC_0058046,1
ISIC_0058047,0
ISIC_0058050,1
ISIC_0058059,1
ISIC_0058075,1
ISIC_0058081,1
ISIC_0058096,2
ISIC_0058097,-1
ISIC_0058098,-1
ISIC_0058115,0
ISIC_0058118,0
ISIC_0058125,1
ISIC_0058126,2
ISIC_0058127,1
ISIC_0058135,0
ISIC_0058136,0
ISIC_0058138,1
ISIC_0058151,1
ISIC_0058154,1
ISIC_0058164,0
ISIC_0058168,1
ISIC_0058170,1
ISIC_0058173,0
ISIC_0058176,1
ISIC_0058181,1
ISIC_0058204,1
ISIC_0058206,1
ISIC_0058214,0
ISIC_0058218,0
ISIC_0058229,1
ISIC_0058237,1
ISIC_0058245,1
ISIC_0058249,0
ISIC_0058255,-1
ISIC_0058270,-1
ISIC_0058281,1
ISIC_0058282,1
ISIC_0058284,2
ISIC_0058285,1
ISIC_0058298,1
ISIC_0058301,0
ISIC_0058307,0
ISIC_0058308,1
ISIC_0058315,-1
ISIC_0058319,2
ISIC_0058321,1
ISIC_0058331,1
ISIC_0058332,1
ISIC_0058334,2
ISIC_0058341,0
ISIC_0058344,0
ISIC_0058346,1
ISIC_0058354,-1
ISIC_0058368,2
ISIC_0058376,-1
ISIC_0058383,1
ISIC_0058391,1
ISIC_0058399,0
ISIC_0058407,0
ISIC_0058408,1
ISIC_0058418,-1
ISIC_0058425,1
ISIC_0058426,1
ISIC_0058428,0
ISIC_0058432,1
ISIC_0058439,0
ISIC_0058457,2
ISIC_0058458,-1
ISIC_0058475,0
ISIC_0058492,1
ISIC_0058496,1
ISIC_0058501,-1
ISIC_0058503,0
ISIC_0058504,1
ISIC_0058508,-1
ISIC_0058513,2
ISIC_0058526,1
ISIC_0058528,1
ISIC_0058544,0
ISIC_0058548,1
ISIC_0058550,1
ISIC_0058559,2
ISIC_0058569,1
ISIC_0058577,0
ISIC_0058580,2
ISIC_0058597,1
ISIC_0058599,1
ISIC_0058607,1
ISIC_0058612,1
ISIC_0058617,1
ISIC_0058621,2
ISIC_0058625,1
ISIC_0058629,2
ISIC_0058630,2
ISIC_0058643,0
ISIC_0058645,1
ISIC_0058648,2
ISIC_0058649,1
ISIC_0058655,2
ISIC_0058658,1
ISIC_0058663,1
ISIC_0058666,-1
ISIC_0058675,0
ISIC_0058676,1
ISIC_0058697,1
ISIC_0058708,1
ISIC_0058713,1
ISIC_0058716,1
ISIC_0058721,2
ISIC_0058723,1
ISIC_0058732,2
ISIC_0058734,1
ISIC_0058743,-1
ISIC_0058753,-1
ISIC_0058757,1
ISIC_0058763,0
ISIC_0058768,-1
ISIC_0058770,-1
ISIC_0058773,0
ISIC_0058781,-1
ISIC_0058786,2
ISIC_0058790,0
ISIC_0058791,-1
ISIC_0058792,-1
ISIC_0058794,-1
ISIC_0058798,2
ISIC_0058807,0
ISIC_0058818,1
ISIC_0058836,1
ISIC_0058838,1
ISIC_0058840,0
ISIC_0058851,-1
ISIC_0058858,1
ISIC_0058862,1
ISIC_0058863,1
ISIC_0058866,2
ISIC_0058875,1
ISIC_0058877,1
ISIC_0058880,0
ISIC_0058881,2
ISIC_0058887,-1
ISIC_0058918,-1
ISIC_0058926,1
ISIC_0058931,0
ISIC_0058947,1
ISIC_0058957,0
ISIC_0058959,0
ISIC_0059005,1
ISIC_0059023,2
ISIC_0059026,-1
ISIC_0059027,2
ISIC_0059029,1
ISIC_0059037,1
ISIC_0059042,0
ISIC_0059052,0
ISIC_0059065,1
ISIC_0059066,0
ISIC_0059074,1
ISIC_0059076,1
ISIC_0059077,0
ISIC_0059079,1
ISIC_0059082,2
ISIC_0059085,1
ISIC_0059089,-1
ISIC_0059090,0
ISIC_0059092,0
ISIC_0059093,1
ISIC_0059103,0
ISIC_0059104,2
ISIC_0059123,1
ISIC_0059137,0
ISIC_0059138,2
ISIC_0059140,1
ISIC_0059141,1
ISIC_0059147,2
ISIC_0059148,1
ISIC_0059160,1
ISIC_0059165,1
ISIC_0059169,1
ISIC_0059170,1
ISIC_0059171,1
ISIC_0059178,1
ISIC_0059188,1
ISIC_0059202,0
ISIC_0059209,0
ISIC_0059219,-1
ISIC_0059232,2
ISIC_0059237,1
ISIC_0059253,0
ISIC_0059264,1
ISIC_0059269,1
ISIC_0059270,-1
ISIC_0059272,1
ISIC_0059273,-1
ISIC_0059284,-1
ISIC_0059294,1
ISIC_0059313,-1
ISIC_0059314,1
ISIC_0059315,0
ISIC_0059316,-1
ISIC_0059318,1
ISIC_0059325,1
ISIC_0059330,1
ISIC_0059336,2
ISIC_0059343,1
ISIC_0059345,1
ISIC_0059346,2
ISIC_0059349,1
ISIC_0059350,0
ISIC_0059353,1
ISIC_0059361,1
ISIC_0059369,2
ISIC_0059375,-1
ISIC_0059382,-1
ISIC_0059386,2
ISIC_0059387,1
ISIC_0059398,0
ISIC_0059411,1
ISIC_0059415,1
ISIC_0059420,2
ISIC_0059421,1
ISIC_0059423,0
ISIC_0059424,1
ISIC_0059435,1
ISIC_0059444,-1
ISIC_0059446,2
ISIC_0059450,2
ISIC_0059473,0
ISIC_0059478,1
ISIC_0059482,1
ISIC_0059486,2
ISIC_0059493,-1
ISIC_0059506,2
ISIC_0059511,1
ISIC_0059512,1
ISIC_0059521,-1
ISIC_0059523,0
ISIC_0059525,0
ISIC_0059538,0
ISIC_0059541,2
ISIC_0059547,0
ISIC_0059551,1
ISIC_0059554,0
ISIC_0059568,0
ISIC_0059569,1
ISIC_0059593,-1
ISIC_0059595,-1
ISIC_0059597,0
ISIC_0059601,1
ISIC_0059605,1
ISIC_0059608,0
ISIC_0059611,-1
ISIC_0059628,1
ISIC_0059631,2
ISIC_0059632,1
ISIC_0059646,-1
ISIC_0059668,0
ISIC_0059669,1
ISIC_0059671,1
ISIC_0059686,1
ISIC_0059703,0
ISIC_0059707,-1
ISIC_0059708,0
ISIC_0059738,1
ISIC_0059739,2
ISIC_0059747,1
ISIC_0059750,1
ISIC_0059757,0
ISIC_0059763,1
ISIC_0059764,-1
ISIC_0059768,1
ISIC_0059770,1
ISIC_0059773,1
ISIC_0059774,-1
ISIC_0059777,0
ISIC_0059785,0
ISIC_0059786,1
ISIC_0059794,1
ISIC_0059804,1
ISIC_0059808,1
ISIC_0059809,0
ISIC_0059810,1
ISIC_0059814,1
ISIC_0059816,2
ISIC_0059830,2
ISIC_0059832,-1
ISIC_0059838,-1
ISIC_0059840,1
ISIC_0059855,1
ISIC_0059859,1
ISIC_0059866,1
ISIC_0059869,-1
ISIC_0059879,1
ISIC_0059881,2
ISIC_0059884,2
ISIC_0059890,0
ISIC_0059891,1
ISIC_0059892,1
ISIC_0059897,0
ISIC_0059904,1
ISIC_0059905,0
ISIC_0059919,2
ISIC_0059941,1
ISIC_0059948,1
ISIC_0059957,0
ISIC_0059958,1
ISIC_0059974,1
ISIC_0059978,2
ISIC_0059987,1
ISIC_0059992,1
ISIC_0060015,1
ISIC_0060022,0
ISIC_0060032,0
ISIC_0060033,1
ISIC_0060094,1
ISIC_0060096,2
ISIC_0060099,0
ISIC_0060104,0
ISIC_0060114,0
ISIC_0060118,0
ISIC_0060140,2
ISIC_0060143,2
ISIC_0060147,-1
ISIC_0060150,0
ISIC_0060153,-1
ISIC_0060154,0
ISIC_0060155,1
ISIC_0060159,0
ISIC_0060181,1
ISIC_0060194,2
ISIC_0060197,2
ISIC_0060201,-1
ISIC_0060212,1
ISIC_0060216,0
ISIC_0060218,1
ISIC_0060219,0
ISIC_0060222,1
ISIC_0060224,1
ISIC_0060233,0
ISIC_0060238,1
ISIC_0060239,0
ISIC_0060244,1
ISIC_0060248,1
ISIC_0060266,1
ISIC_0060270,1
ISIC_0060281,0
ISIC_0060297,1
ISIC_0060307,2
ISIC_0060308,1
ISIC_0060313,0
ISIC_0060315,1
ISIC_0060326,1
ISIC_0060340,2
ISIC_0060341,1
ISIC_0060342,1
ISIC_0060355,1
ISIC_0060367,2
ISIC_0060376,2
ISIC_0060377,1
ISIC_0060380,1
ISIC_0060386,-1
ISIC_0060393,1
ISIC_0060397,1
ISIC_0060399,0
ISIC_0060403,1
ISIC_0060428,-1
ISIC_0060446,1
ISIC_0060456,0
ISIC_0060459,1
ISIC_0060465,1
ISIC_0060487,1
ISIC_0060495,0
ISIC_0060507,0
ISIC_0060508,1
ISIC_0060510,1
ISIC_0060511,1
ISIC_0060525,1
ISIC_0060526,0
ISIC_0060528,1
ISIC_0060537,1
ISIC_0060538,-1
ISIC_0060548,1
ISIC_0060555,1
ISIC_0060556,1
ISIC_0060559,1
ISIC_0060577,-1
ISIC_0060583,1
ISIC_0060585,1
ISIC_0060586,-1
ISIC_0060589,1
ISIC_0060597,1
ISIC_0060610,0
ISIC_0060616,1
ISIC_0060624,1
ISIC_0060629,0
ISIC_0060630,-1
ISIC_0060654,2
ISIC_0060660,1
ISIC_0060665,0
ISIC_0060671,0
ISIC_0060672,1
ISIC_0060676,2
ISIC_0060679,1
ISIC_0060681,0
ISIC_0060693,1
ISIC_0060698,2
ISIC_0060700,-1
ISIC_0060713,1
ISIC_0060717,1
ISIC_0060718,1
ISIC_0060727,1
ISIC_0060728,0
ISIC_0060736,1
ISIC_0060741,1
ISIC_0060744,0
ISIC_0060751,2
ISIC_0060752,2
ISIC_0060760,1
ISIC_0060764,-1
ISIC_0060773,2
ISIC_0060795,0
ISIC_0060799,-1
ISIC_0060827,-1
ISIC_0060829,2
ISIC_0060832,1
ISIC_0060834,-1
ISIC_0060836,-1
ISIC_0060845,0
ISIC_0060873,-1
ISIC_0060883,-1
ISIC_0060886,-1
ISIC_0060892,0
ISIC_0060893,0
ISIC_0060897,1
ISIC_0060898,0
ISIC_0060911,0
ISIC_0060916,1
ISIC_0060934,-1
ISIC_0060936,0
ISIC_0060937,1
ISIC_0060946,2
ISIC_0060949,0
ISIC_0060955,1
ISIC_0060965,1
ISIC_0060967,-1
ISIC_0060968,0
ISIC_0060969,1
ISIC_0060971,0
ISIC_0060972,1
ISIC_0060978,1
ISIC_0060979,-1
ISIC_0060994,1
ISIC_0060999,0
ISIC_0061001,2
ISIC_0061002,-1
ISIC_0061003,1
ISIC_0061006,1
ISIC_0061008,1
ISIC_0061011,0
ISIC_0061021,-1
ISIC_0061025,-1
ISIC_0061029,0
ISIC_0061031,1
ISIC_0061032,-1
ISIC_0061034,1
ISIC_0061045,1
ISIC_0061049,1
ISIC_0061052,1
ISIC_0061060,0
ISIC_0061066,1
ISIC_0061067,-1
ISIC_0061070,0
ISIC_0061075,1
ISIC_0061077,0
ISIC_0061078,-1
ISIC_0061079,0
ISIC_0061085,1
ISIC_0061104,1
ISIC_0061108,0
ISIC_0061112,2
ISIC_0061131,0
ISIC_0061141,0
ISIC_0061152,1
ISIC_0061155,0
ISIC_0061158,0
ISIC_0061159,2
ISIC_0061166,1
ISIC_0061183,1
ISIC_0061185,1
ISIC_0061188,1
ISIC_0061189,0
ISIC_0061191,1
ISIC_0061194,2
ISIC_0061195,-1
ISIC_0061200,1
ISIC_0061224,1
ISIC_0061231,1
ISIC_0061244,1
ISIC_0061250,-1
ISIC_0061252,0
ISIC_0061257,2
ISIC_0061261,1
ISIC_0061279,2
ISIC_0061281,0
ISIC_0061297,2
ISIC_0061300,1
ISIC_0061315,1
ISIC_0061320,-1
ISIC_0061323,-1
ISIC_0061333,0
ISIC_0061334,0
ISIC_0061336,0
ISIC_0061345,2
ISIC_0061355,0
ISIC_0061359,1
ISIC_0061362,-1
ISIC_0061366,1
ISIC_0061369,0
ISIC_0061371,2
ISIC_0061377,1
ISIC_0061380,-1
ISIC_0061382,1
ISIC_0061393,1
ISIC_0061407,1
ISIC_0061411,2
ISIC_0061418,1
ISIC_0061424,0
ISIC_0061432,1
ISIC_0061434,1
ISIC_0061441,1
ISIC_0061446,1
ISIC_0061447,1
ISIC_0061448,2
ISIC_0061454,1
ISIC_0061463,-1
ISIC_0061466,-1
ISIC_0061469,-1
ISIC_0061475,1
ISIC_0061479,2
ISIC_0061485,0
ISIC_0061491,-1
ISIC_0061494,0
ISIC_0061496,0
ISIC_0061502,0
ISIC_0061508,1
ISIC_0061516,2
ISIC_0061518,0
ISIC_0061520,2
ISIC_0061529,-1
ISIC_0061532,2
ISIC_0061533,0
ISIC_0061547,0
ISIC_0061549,0
ISIC_0061553,1
ISIC_0061554,0
ISIC_0061556,-1
ISIC_0061559,-1
ISIC_0061566,1
ISIC_0061568,1
ISIC_0061573,0
ISIC_0061575,1
ISIC_0061580,1
ISIC_0061581,1
ISIC_0061583,1
ISIC_0061585,1
ISIC_0061592,2
ISIC_0061595,1
ISIC_0061608,1
ISIC_0061619,0
ISIC_0061623,1
ISIC_0061624,0
ISIC_0061625,-1
ISIC_0061629,1
ISIC_0061630,-1
ISIC_0061633,1
ISIC_0061644,2
ISIC_0061656,0
ISIC_0061660,1
ISIC_0061664,2
ISIC_0061670,-1
ISIC_0061680,0
ISIC_0061684,1
ISIC_0061685,1
ISIC_0061699,2
ISIC_0061701,2
ISIC_0061705,1
ISIC_0061710,1
ISIC_0061713,1
ISIC_0061715,2
ISIC_0061735,1
ISIC_0061741,1
ISIC_0061756,1
ISIC_0061761,0
ISIC_0061770,2
ISIC_0061773,0
ISIC_0061775,-1
ISIC_0061782,0
ISIC_0061798,2
ISIC_0061799,2
ISIC_0061812,1
ISIC_0061829,-1
ISIC_0061831,1
ISIC_0061833,-1
ISIC_0061848,1
ISIC_0061870,1
ISIC_0061880,1
ISIC_0061884,1
ISIC_0061885,1
ISIC_0061886,0
ISIC_0061890,1
ISIC_0061894,2
ISIC_0061895,1
ISIC_0061900,1
ISIC_0061911,1
ISIC_0061912,1
ISIC_0061915,2
ISIC_0061916,0
ISIC_0061918,1
ISIC_0061922,1
ISIC_0061926,0
ISIC_0061928,2
ISIC_0061944,0
ISIC_0061945,0
ISIC_0061950,-1
ISIC_0061953,1
ISIC_0061954,1
ISIC_0061969,1
ISIC_0061971,1
ISIC_0061982,0
ISIC_0062000,-1
ISIC_0062005,1
ISIC_0062010,0
ISIC_0062016,1
ISIC_0062031,-1
ISIC_0062042,1
ISIC_0062063,-1
ISIC_0062064,1
ISIC_0062077,0
ISIC_0062084,1
ISIC_0062099,1
ISIC_0062102,-1
ISIC_0062103,0
ISIC_0062111,1
ISIC_0062112,0
ISIC_0062114,1
ISIC_0062122,0
ISIC_0062125,2
ISIC_0062133,2
ISIC_0062138,-1
ISIC_0062149,1
ISIC_0062152,0
ISIC_0062154,0
ISIC_0062155,0
ISIC_0062158,1
ISIC_0062160,1
ISIC_0062161,0
ISIC_0062162,0
ISIC_0062163,1
ISIC_0062171,0
ISIC_0062176,1
ISIC_0062183,0
ISIC_0062203,-1
ISIC_0062206,0
ISIC_0062208,1
ISIC_0062211,2
ISIC_0062213,-1
ISIC_0062220,1
ISIC_0062235,1
ISIC_0062239,1
ISIC_0062241,1
ISIC_0062242,1
ISIC_0062248,1
ISIC_0062251,1
ISIC_0062256,0
ISIC_0062260,2
ISIC_0062266,-1
ISIC_0062269,-1
ISIC_0062273,1
ISIC_0062280,0
ISIC_0062286,-1
ISIC_0062296,0
ISIC_0062298,1
ISIC_0062301,1
ISIC_0062318,1
ISIC_0062323,1
ISIC_0062325,2
ISIC_0062340,2
ISIC_0062350,0
ISIC_0062359,-1
ISIC_0062381,0
ISIC_0062382,-1
ISIC_0062389,1
ISIC_0062401,1
ISIC_0062407,0
ISIC_0062423,2
ISIC_0062425,0
ISIC_0062434,1
ISIC_0062447,2
ISIC_0062453,1
ISIC_0062454,2
ISIC_0062457,1
ISIC_0062458,0
ISIC_0062463,1
ISIC_0062468,1
ISIC_0062471,1
ISIC_0062474,0
ISIC_0062477,1
ISIC_0062478,2
ISIC_0062481,1
ISIC_0062497,0
ISIC_0062505,1
ISIC_0062509,0
ISIC_0062515,1
ISIC_0062517,1
ISIC_0062523,0
ISIC_0062524,1
ISIC_0062525,-1
ISIC_0062530,1
ISIC_0062531,1
ISIC_0062536,0
ISIC_0062539,1
ISIC_0062547,1
ISIC_0062551,1
ISIC_0062559,0
ISIC_0062562,0
ISIC_0062589,0
ISIC_0062596,1
ISIC_0062602,0
ISIC_0062606,1
ISIC_0062626,1
ISIC_0062628,0
ISIC_0062632,2
ISIC_0062633,0
ISIC_0062636,-1
ISIC_0062639,1
ISIC_0062642,0
ISIC_0062649,1
ISIC_0062674,1
ISIC_0062681,0
ISIC_0062684,-1
ISIC_0062688,-1
ISIC_0062690,-1
ISIC_0062700,1
ISIC_0062702,0
ISIC_0062708,-1
ISIC_0062709,-1
ISIC_0062712,0
ISIC_0062716,-1
ISIC_0062721,-1
ISIC_0062723,1
ISIC_0062724,0
ISIC_0062734,0
ISIC_0062736,1
ISIC_0062762,1
ISIC_0062765,1
ISIC_0062770,1
ISIC_0062780,0
ISIC_0062792,1
ISIC_0062806,2
ISIC_0062809,2
ISIC_0062816,0
ISIC_0062821,0
ISIC_0062827,1
ISIC_0062832,1
ISIC_0062841,-1
ISIC_0062844,2
ISIC_0062869,0
ISIC_0062879,-1
ISIC_0062891,0
ISIC_0062912,0
ISIC_0062922,-1
ISIC_0062925,1
ISIC_0062935,1
ISIC_0062944,1
ISIC_0062948,2
ISIC_0062952,-1
ISIC_0062954,1
ISIC_0062957,1
ISIC_0062970,1
ISIC_0062978,0
ISIC_0062983,1
ISIC_0062985,1
ISIC_0062991,0
ISIC_0062992,0
ISIC_0062994,1
ISIC_0062998,2
ISIC_0063018,1
ISIC_0063026,1
ISIC_0063027,0
ISIC_0063032,-1
ISIC_0063046,2
ISIC_0063056,1
ISIC_0063058,-1
ISIC_0063060,0
ISIC_0063070,1
ISIC_0063072,-1
ISIC_0063077,0
ISIC_0063081,0
ISIC_0063087,2
ISIC_0063102,0
ISIC_0063103,1
ISIC_0063109,2
ISIC_0063114,0
ISIC_0063124,-1
ISIC_0063125,0
ISIC_0063130,-1
ISIC_0063131,0
ISIC_0063143,1
ISIC_0063148,1
ISIC_0063151,1
ISIC_0063168,1
ISIC_0063169,1
ISIC_0063172,0
ISIC_0063174,0
ISIC_0063180,0
ISIC_0063181,1
ISIC_0063182,-1
ISIC_0063190,1
ISIC_0063191,-1
ISIC_0063198,-1
ISIC_0063202,1
ISIC_0063207,1
ISIC_0063216,1
ISIC_0063222,0
ISIC_0063225,1
ISIC_0063228,1
ISIC_0063233,-1
ISIC_0063234,1
ISIC_0063240,1
ISIC_0063241,1
ISIC_0063258,-1
ISIC_0063264,1
ISIC_0063266,2
ISIC_0063268,1
ISIC_0063271,1
ISIC_0063288,0
ISIC_0063292,1
ISIC_0063300,1
ISIC_0063302,1
ISIC_0063305,2
ISIC_0063318,1
ISIC_0063334,1
ISIC_0063345,2
ISIC_0063349,1
ISIC_0063360,2
ISIC_0063362,0
ISIC_0063369,1
ISIC_0063373,-1
ISIC_0063392,1
ISIC_0063394,1
ISIC_0063410,-1
ISIC_0063414,0
ISIC_0063425,0
ISIC_0063437,0
ISIC_0063443,0
ISIC_0063445,0
ISIC_0063447,1
ISIC_0063450,0
ISIC_0063456,1
ISIC_0063464,-1
ISIC_0063467,0
ISIC_0063469,0
ISIC_0063470,2
ISIC_0063475,1
ISIC_0063480,1
ISIC_0063481,2
ISIC_0063493,1
ISIC_0063496,1
ISIC_0063505,1
ISIC_0063521,0
ISIC_0063528,1
ISIC_0063537,1
ISIC_0063541,-1
ISIC_0063551,1
ISIC_0063566,1
ISIC_0063578,1
ISIC_0063601,2
ISIC_0063617,-1
ISIC_0063623,0
ISIC_0063625,0
ISIC_0063634,1
ISIC_0063636,1
ISIC_0063641,-1
ISIC_0063654,-1
ISIC_0063655,1
ISIC_0063660,1
ISIC_0063664,-1
ISIC_0063675,1
ISIC_0063679,0
ISIC_0063680,1
ISIC_0063687,0
ISIC_0063690,-1
ISIC_0063691,1
ISIC_0063692,1
ISIC_0063693,1
ISIC_0063695,0
ISIC_0063704,0
ISIC_0063715,1
ISIC_0063723,1
ISIC_0063724,1
ISIC_0063727,1
ISIC_0063732,2
ISIC_0063742,-1
ISIC_0063748,1
ISIC_0063750,-1
ISIC_0063757,0
ISIC_0063759,1
ISIC_0063769,1
ISIC_0063775,0
ISIC_0063788,1
ISIC_0063793,1
ISIC_0063795,2
ISIC_0063811,1
ISIC_0063824,0
ISIC_0063829,1
ISIC_0063830,1
ISIC_0063839,1
ISIC_0063842,1
ISIC_0063845,1
ISIC_0063852,1
ISIC_0063870,1
ISIC_0063871,1
ISIC_0063872,2
ISIC_0063873,1
ISIC_0063881,1
ISIC_0063885,-1
ISIC_0063887,2
ISIC_0063897,1
ISIC_0063908,2
ISIC_0063912,2
ISIC_0063915,1
ISIC_0063926,2
ISIC_0063937,1
ISIC_0063945,2
ISIC_0063946,0
ISIC_0063950,-1
ISIC_0063958,-1
ISIC_0063960,0
ISIC_0063973,0
ISIC_0063980,1
ISIC_0063981,2
ISIC_0063988,1
ISIC_0064006,-1
ISIC_0064014,1
ISIC_0064023,1
ISIC_0064033,2
ISIC_0064034,1
ISIC_0064054,0
ISIC_0064056,-1
ISIC_0064058,-1
ISIC_0064060,1
ISIC_0064062,1
ISIC_0064072,1
ISIC_0064073,1
ISIC_0064079,0
ISIC_0064080,1
ISIC_0064082,-1
ISIC_0064100,1
ISIC_0064102,1
ISIC_0064110,0
ISIC_0064114,0
ISIC_0064116,1
ISIC_0064120,1
ISIC_0064122,-1
ISIC_0064129,2
ISIC_0064130,1
ISIC_0064134,2
ISIC_0064141,2
ISIC_0064152,1
ISIC_0064157,1
ISIC_0064167,2
ISIC_0064174,0
ISIC_0064180,1
ISIC_0064195,0
ISIC_0064201,0
ISIC_0064204,2
ISIC_0064209,1
ISIC_0064212,-1
ISIC_0064229,0
ISIC_0064240,0
ISIC_0064246,1
ISIC_0064247,1
ISIC_0064261,1
ISIC_0064266,0
ISIC_0064268,1
ISIC_0064270,1
ISIC_0064272,-1
ISIC_0064276,-1
ISIC_0064279,1
ISIC_0064281,1
ISIC_0064294,1
ISIC_0064297,0
ISIC_0064298,1
ISIC_0064307,1
ISIC_0064317,1
ISIC_0064320,1
ISIC_0064321,1
ISIC_0064328,-1
ISIC_0064337,0
ISIC_0064339,1
ISIC_0064344,-1
ISIC_0064360,0
ISIC_0064361,-1
ISIC_0064369,1
ISIC_0064376,1
ISIC_0064393,1
ISIC_0064406,0
ISIC_0064411,1
ISIC_0064419,0
ISIC_0064427,-1
ISIC_0064428,1
ISIC_0064436,1
ISIC_0064444,2
ISIC_0064455,0
ISIC_0064463,0
ISIC_0064465,0
ISIC_0064472,1
ISIC_0064476,1
ISIC_0064481,2
ISIC_0064483,-1
ISIC_0064498,1
ISIC_0064507,2
ISIC_0064515,1
ISIC_0064517,1
ISIC_0064530,0
ISIC_0064531,2
ISIC_0064534,1
ISIC_0064538,0
ISIC_0064550,1
ISIC_0064559,1
ISIC_0064569,2
ISIC_0064575,2
ISIC_0064581,1
ISIC_0064585,2
ISIC_0064589,1
ISIC_0064592,-1
ISIC_0064606,1
ISIC_0064611,-1
ISIC_0064619,1
ISIC_0064623,1
ISIC_0064632,-1
ISIC_0064633,1
ISIC_0064645,1
ISIC_0064646,1
ISIC_0064656,1
ISIC_0064660,1
ISIC_0064667,-1
ISIC_0064668,1
ISIC_0064672,0
ISIC_0064676,0
ISIC_0064686,0
ISIC_0064689,1
ISIC_0064692,0
ISIC_0064693,0
ISIC_0064694,2
ISIC_0064721,0
ISIC_0064730,1
ISIC_0064732,2
ISIC_0064739,1
ISIC_0064742,1
ISIC_0064752,2
ISIC_0064759,1
ISIC_0064784,1
ISIC_0064800,1
ISIC_0064804,0
ISIC_0064816,-1
ISIC_0064821,-1
ISIC_0064822,1
ISIC_0064823,1
ISIC_0064825,0
ISIC_0064829,2
ISIC_0064835,1
ISIC_0064836,1
ISIC_0064840,0
ISIC_0064849,2
ISIC_0064860,1
ISIC_0064868,0
ISIC_0064874,1
ISIC_0064875,-1
ISIC_0064881,0
ISIC_0064887,-1
ISIC_0064905,1
ISIC_0064907,1
ISIC_0064909,1
ISIC_0064910,0
ISIC_0064919,-1
ISIC_0064921,0
ISIC_0064925,1
ISIC_0064926,-1
ISIC_0064927,1
ISIC_0064929,-1
ISIC_0064933,-1
ISIC_0064936,-1
ISIC_0064941,1
ISIC_0064943,1
ISIC_0064949,-1
ISIC_0064965,0
ISIC_0064982,0
ISIC_0064983,2
ISIC_0064986,2
ISIC_0064990,2
ISIC_0064992,0
ISIC_0064993,2
ISIC_0064997,0
ISIC_0065001,1
ISIC_0065008,1
ISIC_0065013,1
ISIC_0065022,1
ISIC_0065023,1
ISIC_0065025,2
ISIC_0065026,2
ISIC_0065036,1
ISIC_0065039,1
ISIC_0065046,0
ISIC_0065057,1
ISIC_0065059,1
ISIC_0065066,1
ISIC_0065099,1
ISIC_0065100,0
ISIC_0065106,1
ISIC_0065109,0
ISIC_0065128,1
ISIC_0065132,0
ISIC_0065142,0
ISIC_0065159,1
ISIC_0065168,1
ISIC_0065171,1
ISIC_0065173,-1
ISIC_0065186,2
ISIC_0065191,1
ISIC_0065192,1
ISIC_0065195,2
ISIC_0065206,1
ISIC_0065210,0
ISIC_0065213,1
ISIC_0065215,1
ISIC_0065230,2
ISIC_0065235,0
ISIC_0065236,1
ISIC_0065248,0
ISIC_0065253,-1
ISIC_0065265,0
ISIC_0065267,1
ISIC_0065278,-1
ISIC_0065283,-1
ISIC_0065305,1
ISIC_0065307,1
ISIC_0065311,1
ISIC_0065313,1
ISIC_0065315,0
ISIC_0065341,-1
ISIC_0065347,-1
ISIC_0065351,1
ISIC_0065363,1
ISIC_0065367,-1
ISIC_0065379,1
ISIC_0065382,1
ISIC_0065398,1
ISIC_0065402,0
ISIC_0065408,1
ISIC_0065417,2
ISIC_0065431,0
ISIC_0065434,1
ISIC_0065443,-1
ISIC_0065446,1
ISIC_0065448,1
ISIC_0065449,2
ISIC_0065463,1
ISIC_0065477,1
ISIC_0065507,2
ISIC_0065512,1
ISIC_0065513,2
ISIC_0065516,1
ISIC_0065518,-1
ISIC_0065521,1
ISIC_0065523,1
ISIC_0065525,1
ISIC_0065531,1
ISIC_0065532,1
ISIC_0065533,-1
ISIC_0065535,2
ISIC_0065539,-1
ISIC_0065571,1
ISIC_0065576,0
ISIC_0065577,-1
ISIC_0065582,1
ISIC_0065590,1
ISIC_0065597,1
ISIC_0065598,0
ISIC_0065615,1
ISIC_0065618,1
ISIC_0065622,1
ISIC_0065627,2
ISIC_0065644,-1
ISIC_0065655,1
ISIC_0065658,-1
ISIC_0065668,2
ISIC_0065671,0
ISIC_0065675,1
ISIC_0065694,0
ISIC_0065697,1
ISIC_0065698,2
ISIC_0065709,1
ISIC_0065714,1
ISIC_0065727,1
ISIC_0065740,1
ISIC_0065742,1
ISIC_0065746,-1
ISIC_0065748,-1
ISIC_0065760,2
ISIC_0065767,-1
ISIC_0065774,1
ISIC_0065775,-1
ISIC_0065781,0
ISIC_0065786,0
ISIC_0065788,0
ISIC_0065801,-1
ISIC_0065806,1
ISIC_0065807,-1
ISIC_0065813,1
ISIC_0065823,1
ISIC_0065825,1
ISIC_0065843,0
ISIC_0065853,0
ISIC_0065858,1
ISIC_0065869,0
ISIC_0065870,1
ISIC_0065872,1
ISIC_0065889,0
ISIC_0065895,2
ISIC_0065904,1
ISIC_0065918,1
ISIC_0065927,0
ISIC_0065928,1
ISIC_0065932,1
ISIC_0065943,-1
ISIC_0065944,-1
ISIC_0065945,2
ISIC_0065961,1
ISIC_0065969,-1
ISIC_0065974,1
ISIC_0065997,1
ISIC_0066001,1
ISIC_0066019,1
ISIC_0066047,0
ISIC_0066058,2
ISIC_0066061,1
ISIC_0066066,0
ISIC_0066069,1
ISIC_0066075,2
ISIC_0066085,1
ISIC_0066093,0
ISIC_0066094,1
ISIC_0066098,-1
ISIC_0066101,2
ISIC_0066102,1
ISIC_0066106,1
ISIC_0066109,0
ISIC_0066116,1
ISIC_0066124,0
ISIC_0066127,0
ISIC_0066136,0
ISIC_0066143,1
ISIC_0066146,-1
ISIC_0066154,2
ISIC_0066161,1
ISIC_0066165,1
ISIC_0066181,0
ISIC_0066185,-1
ISIC_0066191,2
ISIC_0066200,1
ISIC_0066203,1
ISIC_0066204,1
ISIC_0066209,1
ISIC_0066217,1
ISIC_0066226,2
ISIC_0066244,1
ISIC_0066289,1
ISIC_0066307,-1
ISIC_0066308,2
ISIC_0066316,1
ISIC_0066320,0
ISIC_0066325,1
ISIC_0066332,0
ISIC_0066336,1
ISIC_0066338,0
ISIC_0066350,1
ISIC_0066352,0
ISIC_0066358,1
ISIC_0066359,1
ISIC_0066375,1
ISIC_0066376,1
ISIC_0066378,2
ISIC_0066379,1
ISIC_0066382,1
ISIC_0066384,0
ISIC_0066390,0
ISIC_0066394,0
ISIC_0066399,1
ISIC_0066401,1
ISIC_0066403,-1
ISIC_0066412,0
ISIC_0066422,2
ISIC_0066423,-1
ISIC_0066426,1
ISIC_0066428,-1
ISIC_0066430,1
ISIC_0066448,0
ISIC_0066470,1
ISIC_0066476,0
ISIC_0066481,2
ISIC_0066483,-1
ISIC_0066492,-1
ISIC_0066497,1
ISIC_0066499,0
ISIC_0066500,1
ISIC_0066505,-1
ISIC_0066506,0
ISIC_0066515,1
ISIC_0066516,1
ISIC_0066518,-1
ISIC_0066519,0
ISIC_0066520,1
ISIC_0066532,1
ISIC_0066533,1
ISIC_0066535,-1
ISIC_0066560,-1
ISIC_0066564,1
ISIC_0066568,0
ISIC_0066588,0
ISIC_0066589,0
ISIC_0066593,1
ISIC_0066603,1
ISIC_0066609,0
ISIC_0066612,1
ISIC_0066613,2
ISIC_0066626,1
ISIC_0066627,1
ISIC_0066629,2
ISIC_0066631,1
ISIC_0066633,1
ISIC_0066637,-1
ISIC_0066649,2
ISIC_0066650,1
ISIC_0066662,2
ISIC_0066671,1
ISIC_0066678,1
ISIC_0066690,2
ISIC_0066693,0
ISIC_0066710,1
ISIC_0066716,2
ISIC_0066722,1
ISIC_0066733,1
ISIC_0066744,1
ISIC_0066750,1
ISIC_0066756,-1
ISIC_0066766,1
ISIC_0066767,0
ISIC_0066769,1
ISIC_0066776,1
ISIC_0066783,1
ISIC_0066792,2
ISIC_0066802,2
ISIC_0066811,2
ISIC_0066815,2
ISIC_0066844,-1
ISIC_0066845,1
ISIC_0066848,0
ISIC_0066854,0
ISIC_0066855,1
ISIC_0066860,0
ISIC_0066863,1
ISIC_0066865,2
ISIC_0066867,-1
ISIC_0066869,1
ISIC_0066882,1
ISIC_0066886,0
ISIC_0066907,-1
ISIC_0066910,2
ISIC_0066918,0
ISIC_0066921,2
ISIC_0066927,2
ISIC_0066931,1
ISIC_0066933,2
ISIC_0066935,2
ISIC_0066947,1
ISIC_0066952,-1
ISIC_0066969,1
ISIC_0066977,0
ISIC_0066994,2
ISIC_0067005,2
ISIC_0067008,1
ISIC_0067009,1
ISIC_0067054,1
ISIC_0067062,2
ISIC_0067069,1
ISIC_0067083,1
ISIC_0067101,2
ISIC_0067120,-1
ISIC_0067126,1
ISIC_0067129,-1
ISIC_0067134,1
ISIC_0067151,1
ISIC_0067159,-1
ISIC_0067160,-1
ISIC_0067167,2
ISIC_0067171,-1
ISIC_0067188,0
ISIC_0067191,0
ISIC_0067193,1
ISIC_0067194,-1
ISIC_0067197,1
ISIC_0067200,0
ISIC_0067202,-1
ISIC_0067206,1
ISIC_0067208,1
ISIC_0067210,1
ISIC_0067225,-1
ISIC_0067233,-1
ISIC_0067235,1
ISIC_0067240,0
ISIC_0067248,2
ISIC_0067253,1
ISIC_0067274,1
ISIC_0067276,1
ISIC_0067284,0
ISIC_0067308,0
ISIC_0067317,-1
ISIC_0067318,0
ISIC_0067325,-1
ISIC_0067333,-1
ISIC_0067335,0
ISIC_0067339,1
ISIC_0067347,-1
ISIC_0067350,1
ISIC_0067353,1
ISIC_0067365,2
ISIC_0067367,1
ISIC_0067375,-1
ISIC_0067395,1
ISIC_0067404,1
ISIC_0067405,1
ISIC_0067417,0
ISIC_0067418,0
ISIC_0067438,1
ISIC_0067443,1
ISIC_0067452,2
ISIC_0067458,-1
ISIC_0067460,-1
ISIC_0067461,0
ISIC_0067466,2
ISIC_0067485,-1
ISIC_0067488,1
ISIC_0067489,1
ISIC_0067495,1
ISIC_0067502,1
ISIC_0067504,1
ISIC_0067510,2
ISIC_0067511,1
ISIC_0067513,1
ISIC_0067515,2
ISIC_0067518,1
ISIC_0067521,1
ISIC_0067534,1
ISIC_0067536,-1
ISIC_0067543,1
ISIC_0067549,-1
ISIC_0067553,1
ISIC_0067564,1
ISIC_0067565,0
ISIC_0067566,1
ISIC_0067576,2
ISIC_0067577,1
ISIC_0067598,1
ISIC_0067601,1
ISIC_0067602,1
ISIC_0067619,-1
ISIC_0067625,0
ISIC_0067629,1
ISIC_0067630,-1
ISIC_0067636,1
ISIC_0067653,1
ISIC_0067655,1
ISIC_0067667,1
ISIC_0067671,-1
ISIC_0067685,1
ISIC_0067689,1
ISIC_0067695,1
ISIC_0067696,2
ISIC_0067697,1
ISIC_0067704,0
ISIC_0067711,-1
ISIC_0067716,0
ISIC_0067719,2
ISIC_0067722,2
ISIC_0067731,1
ISIC_0067733,0
ISIC_0067743,1
ISIC_0067747,1
ISIC_0067756,0
ISIC_0067757,1
ISIC_0067758,1
ISIC_0067776,0
ISIC_0067782,-1
ISIC_0067789,1
ISIC_0067798,1
ISIC_0067804,-1
ISIC_0067805,1
ISIC_0067808,1
ISIC_0067816,2
ISIC_0067821,1
ISIC_0067825,-1
ISIC_0067830,1
ISIC_0067831,2
ISIC_0067836,-1
ISIC_0067843,2
ISIC_0067845,0
ISIC_0067847,1
ISIC_0067849,1
ISIC_0067857,1
ISIC_0067873,1
ISIC_0067885,1
ISIC_0067889,1
ISIC_0067890,1
ISIC_0067891,-1
ISIC_0067893,1
ISIC_0067896,2
ISIC_0067897,-1
ISIC_0067902,1
ISIC_0067905,1
ISIC_0067933,0
ISIC_0067934,0
ISIC_0067947,1
ISIC_0067949,1
ISIC_0067952,1
ISIC_0067953,1
ISIC_0067960,0
ISIC_0067969,1
ISIC_0067972,0
ISIC_0067979,0
ISIC_0068000,1
ISIC_0068003,-1
ISIC_0068011,1
ISIC_0068012,1
ISIC_0068013,1
ISIC_0068015,1
ISIC_0068023,2
ISIC_0068043,1
ISIC_0068048,-1
ISIC_0068055,0
ISIC_0068060,1
ISIC_0068064,2
ISIC_0068069,2
ISIC_0068073,0
ISIC_0068080,0
ISIC_0068107,2
ISIC_0068114,-1
ISIC_0068117,0
ISIC_0068118,0
ISIC_0068119,0
ISIC_0068121,-1
ISIC_0068128,-1
ISIC_0068129,0
ISIC_0068137,-1
ISIC_0068143,2
ISIC_0068152,1
ISIC_0068153,2
ISIC_0068164,0
ISIC_0068166,0
ISIC_0068178,1
ISIC_0068188,0
ISIC_0068189,1
ISIC_0068200,-1
ISIC_0068202,-1
ISIC_0068206,-1
ISIC_0068209,1
ISIC_0068211,2
ISIC_0068218,1
ISIC_0068227,1
ISIC_0068233,-1
ISIC_0068234,2
ISIC_0068239,1
ISIC_0068247,1
ISIC_0068252,1
ISIC_0068273,0
ISIC_0068275,2
ISIC_0068276,-1
ISIC_0068282,1
ISIC_0068290,1
ISIC_0068291,-1
ISIC_0068294,2
ISIC_0068299,2
ISIC_0068303,-1
ISIC_0068315,1
ISIC_0068318,0
ISIC_0068321,1
ISIC_0068331,0
ISIC_0068343,-1
ISIC_0068347,2
ISIC_0068382,1
ISIC_0068383,1
ISIC_0068385,0
ISIC_0068393,0
ISIC_0068396,0
ISIC_0068403,1
ISIC_0068407,1
ISIC_0068411,1
ISIC_0068427,-1
ISIC_0068438,2
ISIC_0068452,1
ISIC_0068460,1
ISIC_0068463,-1
ISIC_0068465,1
ISIC_0068468,1
ISIC_0068488,2
ISIC_0068513,1
ISIC_0068524,0
ISIC_0068527,1
ISIC_0068528,1
ISIC_0068537,0
ISIC_0068555,1
ISIC_0068560,1
ISIC_0068576,-1
ISIC_0068578,1
ISIC_0068581,1
ISIC_0068583,0
ISIC_0068584,0
ISIC_0068586,1
ISIC_0068609,0
ISIC_0068614,-1
ISIC_0068616,2
ISIC_0068617,2
ISIC_0068627,0
ISIC_0068628,1
ISIC_0068629,-1
ISIC_0068633,0
ISIC_0068638,1
ISIC_0068660,1
ISIC_0068682,1
ISIC_0068700,1
ISIC_0068715,-1
ISIC_0068717,0
ISIC_0068721,1
ISIC_0068727,1
ISIC_0068730,0
ISIC_0068744,1
ISIC_0068747,1
ISIC_0068759,2
ISIC_0068760,1
ISIC_0068761,1
ISIC_0068766,1
ISIC_0068776,0
ISIC_0068778,1
ISIC_0068800,0
ISIC_0068808,0
ISIC_0068817,2
ISIC_0068818,1
ISIC_0068819,2
ISIC_0068840,0
ISIC_0068850,0
ISIC_0068851,2
ISIC_0068874,1
ISIC_0068881,-1
ISIC_0068882,1
ISIC_0068884,-1
ISIC_0068895,1
ISIC_0068897,1
ISIC_0068900,1
ISIC_0068905,2
ISIC_0068907,1
ISIC_0068911,1
ISIC_0068917,2
ISIC_0068921,0
ISIC_0068924,1
ISIC_0068928,2
ISIC_0068929,1
ISIC_0068931,2
ISIC_0068936,-1
ISIC_0068941,2
ISIC_0068961,0
ISIC_0068962,2
ISIC_0068966,1
ISIC_0068975,1
ISIC_0068979,0
ISIC_0068981,1
ISIC_0068993,1
ISIC_0069003,0
ISIC_0069008,2
ISIC_0069024,0
ISIC_0069028,1
ISIC_0069029,-1
ISIC_0069042,1
ISIC_0069058,1
ISIC_0069059,0
ISIC_0069062,0
ISIC_0069065,2
ISIC_0069068,1
ISIC_0069070,1
ISIC_0069072,1
ISIC_0069076,1
ISIC_0069077,1
ISIC_0069091,0
ISIC_0069093,1
ISIC_0069102,0
ISIC_0069105,-1
ISIC_0069108,1
ISIC_0069112,1
ISIC_0069119,2
ISIC_0069148,1
ISIC_0069156,1
ISIC_0069158,1
ISIC_0069165,1
ISIC_0069167,0
ISIC_0069179,-1
ISIC_0069192,1
ISIC_0069197,-1
ISIC_0069199,-1
ISIC_0069204,-1
ISIC_0069210,1
ISIC_0069230,1
ISIC_0069238,-1
ISIC_0069245,1
ISIC_0069246,2
ISIC_0069248,1
ISIC_0069257,1
ISIC_0069262,1
ISIC_0069264,1
ISIC_0069267,0
ISIC_0069273,-1
ISIC_0069277,2
ISIC_0069292,1
ISIC_0069293,1
ISIC_0069315,2
ISIC_0069358,1
ISIC_0069361,2
ISIC_0069365,1
ISIC_0069369,-1
ISIC_0069380,1
ISIC_0069385,1
ISIC_0069386,0
ISIC_0069391,1
ISIC_0069395,0
ISIC_0069402,-1
ISIC_0069411,2
ISIC_0069416,2
ISIC_0069432,1
ISIC_0069437,0
ISIC_0069457,2
ISIC_0069459,1
ISIC_0069466,1
ISIC_0069473,2
ISIC_0069475,-1
ISIC_0069479,0
ISIC_0069481,1
ISIC_0069488,-1
ISIC_0069504,0
ISIC_0069508,1
ISIC_0069509,1
ISIC_0069511,1
ISIC_0069514,0
ISIC_0069515,0
ISIC_0069536,1
ISIC_0069540,1
ISIC_0069573,1
ISIC_0069583,1
ISIC_0069591,1
ISIC_0069592,-1
ISIC_0069595,1
ISIC_0069617,1
ISIC_0069620,1
ISIC_0069622,0
ISIC_0069624,0
ISIC_0069626,0
ISIC_0069635,2
ISIC_0069638,-1
ISIC_0069657,0
ISIC_0069660,1
ISIC_0069668,1
ISIC_0069669,2
ISIC_0069671,-1
ISIC_0069705,1
ISIC_0069727,1
ISIC_0069733,2
ISIC_0069736,1
ISIC_0069743,1
ISIC_0069747,0
ISIC_0069775,-1
ISIC_0069791,1
ISIC_0069810,2
ISIC_0069819,1
ISIC_0069821,0
ISIC_0069833,1
ISIC_0069841,1
ISIC_0069851,1
ISIC_0069859,2
ISIC_0069860,0
ISIC_0069864,-1
ISIC_0069873,2
ISIC_0069889,0
ISIC_0069891,1
ISIC_0069908,1
ISIC_0069918,1
ISIC_0069920,2
ISIC_0069922,2
ISIC_0069929,1
ISIC_0069946,2
ISIC_0069951,1
ISIC_0069958,0
ISIC_0069967,1
ISIC_0069970,1
ISIC_0069977,0
ISIC_0069984,-1
ISIC_0069986,2
ISIC_0069988,2
ISIC_0069995,1
ISIC_0070006,1
ISIC_0070012,2
ISIC_0070017,0
ISIC_0070018,-1
ISIC_0070032,-1
ISIC_0070045,1
ISIC_0070049,0
ISIC_0070050,1
ISIC_0070051,1
ISIC_0070061,0
ISIC_0070068,1
ISIC_0070089,2
ISIC_0070092,1
ISIC_0070093,1
ISIC_0070095,0
ISIC_0070105,1
ISIC_0070107,-1
ISIC_0070108,1
ISIC_0070109,2
ISIC_0070110,1
ISIC_0070114,1
ISIC_0070120,1
ISIC_0070123,0
ISIC_0070129,1
ISIC_0070137,1
ISIC_0070139,1
ISIC_0070141,0
ISIC_0070149,-1
ISIC_0070170,2
ISIC_0070172,-1
ISIC_0070207,2
ISIC_0070215,1
ISIC_0070217,1
ISIC_0070220,2
ISIC_0070227,-1
ISIC_0070235,1
ISIC_0070248,-1
ISIC_0070250,1
ISIC_0070253,1
ISIC_0070262,1
ISIC_0070274,1
ISIC_0070303,-1
ISIC_0070308,-1
ISIC_0070313,1
ISIC_0070316,-1
ISIC_0070327,2
ISIC_0070341,1
ISIC_0070342,1
ISIC_0070344,-1
ISIC_0070347,-1
ISIC_0070351,-1
ISIC_0070352,-1
ISIC_0070362,1
ISIC_0070363,1
ISIC_0070366,1
ISIC_0070371,2
ISIC_0070374,2
ISIC_0070380,1
ISIC_0070387,0
ISIC_0070396,1
ISIC_0070400,2
ISIC_0070403,1
ISIC_0070414,1
ISIC_0070419,-1
ISIC_0070427,2
ISIC_0070431,2
ISIC_0070433,1
ISIC_0070435,1
ISIC_0070439,1
ISIC_0070441,2
ISIC_0070442,0
ISIC_0070446,1
ISIC_0070447,1
ISIC_0070454,1
ISIC_0070465,1
ISIC_0070477,0
ISIC_0070480,1
ISIC_0070489,-1
ISIC_0070501,0
ISIC_0070517,2
ISIC_0070520,1
ISIC_0070521,-1
ISIC_0070549,0
ISIC_0070551,1
ISIC_0070553,1
ISIC_0070566,2
ISIC_0070572,-1
ISIC_0070578,0
ISIC_0070581,2
ISIC_0070585,1
ISIC_0070588,1
ISIC_0070593,0
ISIC_0070595,0
ISIC_0070596,1
ISIC_0070601,0
ISIC_0070611,1
ISIC_0070614,1
ISIC_0070623,1
ISIC_0070629,0
ISIC_0070653,2
ISIC_0070657,0
ISIC_0070658,0
ISIC_0070666,1
ISIC_0070689,-1
ISIC_0070702,1
ISIC_0070709,-1
ISIC_0070710,1
ISIC_0070711,-1
ISIC_0070724,0
ISIC_0070727,-1
ISIC_0070731,1
ISIC_0070743,0
ISIC_0070745,1
ISIC_0070747,1
ISIC_0070752,1
ISIC_0070756,1
ISIC_0070778,1
ISIC_0070784,1
ISIC_0070794,-1
ISIC_0070799,1
ISIC_0070801,1
ISIC_0070805,1
ISIC_0070809,1
ISIC_0070814,-1
ISIC_0070815,-1
ISIC_0070816,1
ISIC_0070822,1
ISIC_0070837,2
ISIC_0070842,0
ISIC_0070846,2
ISIC_0070852,0
ISIC_0070867,0
ISIC_0070871,1
ISIC_0070886,1
ISIC_0070888,1
ISIC_0070910,-1
ISIC_0070913,0
ISIC_0070916,2
ISIC_0070920,2
ISIC_0070927,-1
ISIC_0070938,1
ISIC_0070940,-1
ISIC_0070959,0
ISIC_0070961,1
ISIC_0070973,1
ISIC_0070974,0
ISIC_0070976,0
ISIC_0070984,-1
ISIC_0070990,1
ISIC_0070992,1
ISIC_0070998,1
ISIC_0071006,0
ISIC_0071012,1
ISIC_0071017,1
ISIC_0071035,1
ISIC_0071043,-1
ISIC_0071045,1
ISIC_0071047,1
ISIC_0071048,1
ISIC_0071067,0
ISIC_0071069,-1
ISIC_0071074,1
ISIC_0071089,1
ISIC_0071095,1
ISIC_0071101,-1
ISIC_0071109,-1
ISIC_0071111,1
ISIC_0071119,1
ISIC_0071122,1
ISIC_0071124,-1
ISIC_0071132,1
ISIC_0071133,1
ISIC_0071134,-1
ISIC_0071137,1
ISIC_0071138,0
ISIC_0071142,2
ISIC_0071169,2
ISIC_0071176,0
ISIC_0071178,0
ISIC_0071180,2
ISIC_0071196,2
ISIC_0071208,1
ISIC_0071215,1
ISIC_0071218,0
ISIC_0071238,2
ISIC_0071240,1
ISIC_0071245,1
ISIC_0071253,0
ISIC_0071257,1
ISIC_0071258,0
ISIC_0071260,1
ISIC_0071271,-1
ISIC_0071289,1
ISIC_0071290,-1
ISIC_0071303,1
ISIC_0071311,0
ISIC_0071315,0
ISIC_0071335,-1
ISIC_0071342,1
ISIC_0071346,0
ISIC_0071357,2
ISIC_0071361,2
ISIC_0071388,1
ISIC_0071392,0
ISIC_0071395,0
ISIC_0071401,1
ISIC_0071404,-1
ISIC_0071420,0
ISIC_0071430,1
ISIC_0071431,-1
ISIC_0071443,1
ISIC_0071458,1
ISIC_0071470,0
ISIC_0071476,0
ISIC_0071478,1
ISIC_0071528,1
ISIC_0071534,-1
ISIC_0071550,0
ISIC_0071558,-1
ISIC_0071559,1
ISIC_0071563,2
ISIC_0071568,1
ISIC_0071576,1
ISIC_0071579,1
ISIC_0071580,1
ISIC_0071583,0
ISIC_0071584,1
ISIC_0071586,0
ISIC_0071592,1
ISIC_0071594,1
ISIC_0071596,1
ISIC_0071600,-1
ISIC_0071628,2
ISIC_0071632,0
ISIC_0071648,2
ISIC_0071651,0
ISIC_0071663,1
ISIC_0071666,0
ISIC_0071668,1
ISIC_0071673,-1
ISIC_0071678,1
ISIC_0071702,1
ISIC_0071707,2
ISIC_0071713,-1
ISIC_0071717,1
ISIC_0071720,-1
ISIC_0071725,1
ISIC_0071726,1
ISIC_0071740,1
ISIC_0071765,-1
ISIC_0071766,2
ISIC_0071767,2
ISIC_0071774,1
ISIC_0071776,0
ISIC_0071778,1
ISIC_0071782,-1
ISIC_0071783,1
ISIC_0071784,0
ISIC_0071788,1
ISIC_0071797,2
ISIC_0071800,1
ISIC_0071806,1
ISIC_0071808,0
ISIC_0071815,0
ISIC_0071834,1
ISIC_0071857,2
ISIC_0071865,0
ISIC_0071869,1
ISIC_0071875,2
ISIC_0071891,-1
ISIC_0071892,1
ISIC_0071901,1
ISIC_0071904,1
ISIC_0071906,1
ISIC_0071916,-1
ISIC_0071926,0
ISIC_0071931,1
ISIC_0071936,1
ISIC_0071939,1
ISIC_0071944,1
ISIC_0071950,1
ISIC_0071951,1
ISIC_0071957,0
ISIC_0071970,1
ISIC_0071972,-1
ISIC_0071992,0
ISIC_0071996,0
ISIC_0071997,0
ISIC_0072001,1
ISIC_0072002,-1
ISIC_0072003,0
ISIC_0072004,1
ISIC_0072006,1
ISIC_0072010,2
ISIC_0072021,0
ISIC_0072030,1
ISIC_0072032,1
ISIC_0072041,0
ISIC_0072051,1
ISIC_0072061,1
ISIC_0072063,1
ISIC_0072065,1
ISIC_0072069,2
ISIC_0072077,0
ISIC_0072078,1
ISIC_0072087,-1
ISIC_0072090,1
ISIC_0072099,2
ISIC_0072101,1
ISIC_0072103,1
ISIC_0072109,-1
ISIC_0072111,2
ISIC_0072121,1
ISIC_0072122,0
ISIC_0072126,1
ISIC_0072142,0
ISIC_0072151,1
ISIC_0072154,-1
ISIC_0072156,1
ISIC_0072157,1
ISIC_0072166,2
ISIC_0072173,1
ISIC_0072174,1
ISIC_0072178,-1
ISIC_0072182,1
ISIC_0072188,0
ISIC_0072195,1
ISIC_0072198,0
ISIC_0072215,1
ISIC_0072218,-1
ISIC_0072223,1
ISIC_0072226,1
ISIC_0072230,-1
ISIC_0072241,0
ISIC_0072242,0
ISIC_0072252,2
ISIC_0072268,2
ISIC_0072271,1
ISIC_0072279,0
ISIC_0072280,1
ISIC_0072286,1
ISIC_0072287,0
ISIC_0072294,1
ISIC_0072297,0
ISIC_0072299,0
ISIC_0072301,1
ISIC_0072315,1
ISIC_0072330,-1
ISIC_0072339,0
ISIC_0072344,2
ISIC_0072348,1
ISIC_0072353,2
ISIC_0072354,-1
ISIC_0072358,-1
ISIC_0072360,2
ISIC_0072363,-1
ISIC_0072369,-1
ISIC_0072371,-1
ISIC_0072374,1
ISIC_0072375,1
ISIC_0072377,1
ISIC_0072380,1
ISIC_0072396,1
ISIC_0072401,2
ISIC_0072405,1
ISIC_0072411,0
ISIC_0072415,1
ISIC_0072422,1
ISIC_0072429,0
ISIC_0072437,-1
ISIC_0072439,1
ISIC_0072440,1
ISIC_0072441,1
ISIC_0072473,0
ISIC_0072482,0
ISIC_0072494,0
ISIC_0072495,0
ISIC_0072507,1
ISIC_0072508,1
ISIC_0072516,2
ISIC_0072522,-1
ISIC_0072523,1
ISIC_0072531,1
ISIC_0072534,2
ISIC_0072535,1
ISIC_0072538,1
ISIC_0072557,1
ISIC_0072559,-1
ISIC_0072565,-1
ISIC_0072568,0
ISIC_0072569,1
ISIC_0072574,0
ISIC_0072585,0
ISIC_0072586,0
ISIC_0072594,0
ISIC_0072595,1
ISIC_0072612,2
ISIC_0072619,0
ISIC_0072624,1
ISIC_0072626,0
ISIC_0072631,1
ISIC_0072641,1
ISIC_0072642,0
ISIC_0072653,1
ISIC_0072689,2
ISIC_0072691,0
ISIC_0072694,1
ISIC_0072705,1
ISIC_0072713,1
ISIC_0072714,2
ISIC_0072730,1
ISIC_0072733,1
ISIC_0072738,1
ISIC_0072743,1
ISIC_0072747,2
ISIC_0072748,1
ISIC_0072753,0
ISIC_0072755,0
ISIC_0072758,0
ISIC_0072763,2
ISIC_0072768,2
ISIC_0072773,-1
ISIC_0072780,1
ISIC_0072783,-1
ISIC_0072785,0
ISIC_0072793,0
ISIC_0072799,0
ISIC_0072820,0
ISIC_0072824,1
ISIC_0072827,1
ISIC_0072828,0
ISIC_0072843,-1
ISIC_0072844,0
ISIC_0072845,2
ISIC_0072862,2
ISIC_0072865,1
ISIC_0072872,-1
ISIC_0072876,0
ISIC_0072887,0
ISIC_0072889,2
ISIC_0072896,-1
ISIC_0072909,-1
ISIC_0072917,1
ISIC_0072923,2
ISIC_0072924,1
ISIC_0072930,1
ISIC_0072939,1
ISIC_0072961,1
ISIC_0072966,2
ISIC_0072968,-1
ISIC_0072976,1
ISIC_0072977,2
ISIC_0072983,1
ISIC_0072985,1
ISIC_0072990,1
ISIC_0072991,1
ISIC_0073007,1
ISIC_0073016,-1
ISIC_0073018,1
ISIC_0073038,0
ISIC_0073044,1
ISIC_0073054,1
ISIC_0073065,0
ISIC_0073075,0
ISIC_0073078,0
ISIC_0073089,-1
ISIC_0073102,1
ISIC_0073119,0
ISIC_0073124,1
ISIC_0073127,1
ISIC_0073134,0
ISIC_0073136,1
ISIC_0073143,0
ISIC_0073147,1
ISIC_0073156,0
ISIC_0073173,-1
ISIC_0073190,0
ISIC_0073191,-1
ISIC_0073194,0
ISIC_0073203,1
ISIC_0073204,0
ISIC_0073218,0
ISIC_0073227,0
ISIC_0073231,0
ISIC_0073237,1
ISIC_0073238,1
ISIC_0073241,-1
ISIC_0073249,2
