isic_id,umap_x,umap_y
ISIC_0000002,7.6052094,11.171233
ISIC_0000004,3.629876,12.118086
ISIC_0000013,7.9827905,12.002466
ISIC_0000022,6.28908,6.7893763
ISIC_0000026,6.8842125,8.822547
ISIC_0000029,6.777924,12.060852
ISIC_0000030,5.6258607,5.8962226
ISIC_0000031,5.2681355,6.593316
ISIC_0000035,6.7838473,11.986045
ISIC_0000036,7.8752413,11.524236
ISIC_0000040,6.2395926,7.3487844
ISIC_0000046,6.8465333,9.115785
ISIC_0000054,7.774263,11.363664
ISIC_0000056,7.5658436,10.728418
ISIC_0000070,7.742685,4.8055377
ISIC_0000076,3.7934623,11.954408
ISIC_0000077,6.1153107,7.6464458
ISIC_0000078,8.154473,6.810875
ISIC_0000139,6.754495,12.00703
ISIC_0000140,7.9285784,11.64461
ISIC_0000141,7.3439126,12.296419
ISIC_0000142,5.959692,12.088826
ISIC_0000143,6.146122,6.6479588
ISIC_0000144,3.8712723,11.839633
ISIC_0000145,6.1223907,6.1422806
ISIC_0000146,3.9285345,11.699834
ISIC_0000147,3.7168047,11.928291
ISIC_0000148,8.48345,7.00713
ISIC_0000149,5.92118,6.415662
ISIC_0000150,5.7834425,5.883955
ISIC_0000151,7.3352327,4.29682
ISIC_0000152,6.116292,6.122991
ISIC_0000153,7.3451915,11.476729
ISIC_0000154,7.0321765,4.636469
ISIC_0000156,6.077183,6.09737
ISIC_0000157,8.023068,11.577327
ISIC_0000158,5.686372,6.341542
ISIC_0000159,8.074834,11.946918
ISIC_0000163,9.178099,10.775621
ISIC_0000165,9.015538,10.87481
ISIC_0000168,8.131099,10.698945
ISIC_0000169,6.902934,8.73348
ISIC_0000170,8.966609,10.431545
ISIC_0000172,7.91015,11.822196
ISIC_0000175,6.650657,11.894415
ISIC_0000176,6.0446253,6.230502
ISIC_0000276,4.0181108,11.853747
ISIC_0000277,7.29675,7.335213
ISIC_0000278,4.652316,8.8437605
ISIC_0000281,6.041244,6.020733
ISIC_0000282,6.3393507,6.4458013
ISIC_0000283,5.719916,11.871405
ISIC_0000287,5.9479795,5.937655
ISIC_0000290,5.642905,12.1233015
ISIC_0000291,5.9888062,6.205629
ISIC_0000292,5.6343083,7.274841
ISIC_0000294,6.1973157,6.9066114
ISIC_0000296,5.2370853,6.797902
ISIC_0000305,5.2742405,7.707007
ISIC_0000390,6.13596,12.064753
ISIC_0000393,7.962806,9.696977
ISIC_0000394,6.222012,8.99115
ISIC_0000395,6.657628,5.7724037
ISIC_0000398,7.568184,10.818063
ISIC_0000399,6.629749,9.153291
ISIC_0000400,5.6955943,9.51546
ISIC_0000401,4.966309,9.837092
ISIC_0000402,7.848431,9.796903
ISIC_0000404,6.6137805,10.609426
ISIC_0000405,5.0521836,8.292108
ISIC_0000406,6.860829,9.257593
ISIC_0000410,7.6683755,7.033796
ISIC_0000411,8.657802,9.211407
ISIC_0000412,6.2871647,7.525307
ISIC_0000413,6.625682,9.281313
ISIC_0000414,5.0009637,8.625419
ISIC_0000415,6.1452217,9.2168045
ISIC_0000417,6.204757,10.776063
ISIC_0000420,6.318356,6.7890315
ISIC_0000428,4.888007,9.744818
ISIC_0000429,3.449005,12.121368
ISIC_0000432,6.7305236,9.358938
ISIC_0000434,6.894603,5.2634845
ISIC_0000438,6.8454986,9.577781
ISIC_0000440,4.7221875,8.816763
ISIC_0000441,6.2481003,6.8803043
ISIC_0000444,5.6888733,7.601704
ISIC_0000445,6.9458947,4.4041014
ISIC_0000446,4.899669,8.470704
ISIC_0000450,6.510189,10.489452
ISIC_0000459,6.828341,7.858976
ISIC_0000462,7.700896,8.255757
ISIC_0000463,9.116395,9.469464
ISIC_0000466,7.233736,11.47282
ISIC_0000469,7.3380966,10.938868
ISIC_0000482,7.316176,11.664866
ISIC_0000484,7.5801287,11.220325
ISIC_0000487,6.051616,8.185882
ISIC_0000502,7.4591265,8.484271
ISIC_0000511,7.3935533,10.921782
ISIC_0000513,7.3571186,11.559509
ISIC_0000516,5.6698456,5.8500605
ISIC_0000517,7.626882,10.967402
ISIC_0000518,8.993214,10.389218
ISIC_0000519,6.6275606,10.305451
ISIC_0000520,4.909292,8.419204
ISIC_0000521,5.7301884,6.612002
ISIC_0000522,6.7796664,7.6022205
ISIC_0000531,6.7400837,6.314605
ISIC_0000533,6.605278,6.7880883
ISIC_0000547,7.475635,8.255067
ISIC_0000548,6.8372173,8.549574
ISIC_0000549,6.909435,8.775175
ISIC_0000551,7.02557,10.599641
ISIC_0000552,7.646004,12.119902
ISIC_0000553,6.0452724,8.218044
ISIC_0000554,6.9098015,8.674367
ISIC_0000555,7.2669606,6.38334
ISIC_0001100,7.11384,4.646872
ISIC_0001101,6.7206,9.211827
ISIC_0001102,5.4482813,6.3576927
ISIC_0001103,6.5928054,6.1621876
ISIC_0001105,7.7386913,4.5362115
ISIC_0001106,8.277821,6.8956494
ISIC_0001108,5.367905,12.628755
ISIC_0001110,8.536819,9.95255
ISIC_0001116,6.525068,8.799489
ISIC_0001118,7.235786,11.552402
ISIC_0001119,8.010278,4.6638775
ISIC_0001121,6.6196966,4.590292
ISIC_0001124,6.641324,9.190139
ISIC_0001125,3.7238555,11.962884
ISIC_0001126,7.419581,5.456869
ISIC_0001127,6.109325,10.71566
ISIC_0001128,7.608321,4.865024
ISIC_0001131,9.35641,9.365374
ISIC_0001132,5.0369735,7.0656123
ISIC_0001133,5.6915727,11.959086
ISIC_0001134,6.937142,4.2697535
ISIC_0001135,6.525169,12.01205
ISIC_0001137,8.086113,9.626621
ISIC_0001138,4.298976,9.180799
ISIC_0001140,5.649943,5.981912
ISIC_0001141,7.0460105,9.072708
ISIC_0001142,5.256627,6.631059
ISIC_0001143,6.937373,9.453474
ISIC_0001148,6.7314296,10.621772
ISIC_0001151,6.6792636,7.498201
ISIC_0001152,3.099776,7.5373783
ISIC_0001154,4.3165083,10.304116
ISIC_0001157,5.2548547,6.742035
ISIC_0009868,5.9906864,6.798332
ISIC_0009882,7.215851,11.539569
ISIC_0009890,6.620933,9.303115
ISIC_0009898,6.2588344,6.6991177
ISIC_0009905,7.2433004,4.68092
ISIC_0009913,7.7530413,9.564216
ISIC_0009916,4.511761,9.714628
ISIC_0009918,4.2937317,11.803559
ISIC_0009924,5.12124,8.8695755
ISIC_0009927,6.833053,4.3207636
ISIC_0009934,5.1325917,10.226903
ISIC_0009950,7.588901,4.708562
ISIC_0009955,7.0823617,4.7701044
ISIC_0009960,6.9179344,4.5715103
ISIC_0009971,7.8605685,6.8161793
ISIC_0009993,7.2556596,10.26627
ISIC_0010000,5.255612,7.647567
ISIC_0010007,4.79652,9.748369
ISIC_0010011,7.229436,5.039635
ISIC_0010016,6.96656,4.2583957
ISIC_0010023,5.7105026,5.9431505
ISIC_0010024,5.656204,7.2922573
ISIC_0010029,5.511029,7.4351263
ISIC_0010034,5.728665,6.4292164
ISIC_0010036,6.8773417,11.126277
ISIC_0010039,6.2105637,7.511911
ISIC_0010049,5.8625526,8.153574
ISIC_0010050,5.037476,8.05144
ISIC_0010054,8.05332,9.467447
ISIC_0010056,5.2816896,10.471914
ISIC_0010067,5.654909,7.6574697
ISIC_0010080,5.895005,6.7007756
ISIC_0010081,4.1949363,9.972041
ISIC_0010089,7.287809,4.3206124
ISIC_0010094,5.752673,5.7876635
ISIC_0010106,8.016127,10.954585
ISIC_0010119,6.8140235,4.557671
ISIC_0010120,4.8852944,11.494447
ISIC_0010131,3.111514,7.5504065
ISIC_0010137,7.9355736,4.6253157
ISIC_0010140,7.4791465,12.106244
ISIC_0010145,8.105057,6.8936973
ISIC_0010148,6.6733646,10.526756
ISIC_0010162,5.14339,10.491528
ISIC_0010164,4.680271,8.4848795
ISIC_0010165,6.0975356,9.198969
ISIC_0010171,8.951893,9.215797
ISIC_0010174,7.7702036,5.503685
ISIC_0010189,5.0933986,8.239242
ISIC_0010194,6.705753,10.153817
ISIC_0010207,4.0372286,10.063569
ISIC_0010208,5.2955556,7.4875464
ISIC_0010210,8.8336315,9.010204
ISIC_0010225,8.108204,6.869989
ISIC_0010231,6.7168093,9.231581
ISIC_0010235,6.099668,10.7573805
ISIC_0010240,6.2500396,7.780885
ISIC_0010241,8.024203,6.9198804
ISIC_0010245,5.3073053,10.184142
ISIC_0010251,8.123483,6.5868077
ISIC_0010265,7.1083355,7.8663034
ISIC_0010271,6.5269647,8.410639
ISIC_0010280,7.9022064,6.9141045
ISIC_0010283,5.6866975,5.892083
ISIC_0010288,8.960611,8.990531
ISIC_0010295,5.31535,11.077995
ISIC_0010299,7.6173506,6.0943055
ISIC_0010313,7.1385202,4.4233336
ISIC_0010319,6.5258045,5.2763424
ISIC_0010321,6.3347497,7.9343457
ISIC_0010322,5.333566,10.181858
ISIC_0010350,6.345622,6.810794
ISIC_0010358,8.098491,6.3495317
ISIC_0010360,7.2125554,5.2447205
ISIC_0010364,7.240203,5.2640314
ISIC_0010366,6.6396403,8.279339
ISIC_0010369,6.271924,9.223516
ISIC_0010372,5.527815,6.9995747
ISIC_0010380,7.1482177,5.926823
ISIC_0010392,7.830248,11.974173
ISIC_0010393,5.262028,7.9535
ISIC_0010394,5.8319297,6.7751675
ISIC_0010396,4.884037,9.82282
ISIC_0010397,8.069506,6.804603
ISIC_0010398,5.355141,6.7022986
ISIC_0010400,4.21561,10.2315445
ISIC_0010401,7.8336453,12.003588
ISIC_0010402,6.958524,8.025413
ISIC_0010407,6.5519514,9.503705
ISIC_0010410,5.446332,6.480789
ISIC_0010413,5.068725,10.155972
ISIC_0010415,6.3586082,8.748331
ISIC_0010417,6.552949,10.665451
ISIC_0010426,5.997408,7.3201733
ISIC_0010432,6.369085,8.035942
ISIC_0010441,7.766009,4.9965796
ISIC_0010466,8.007472,6.795649
ISIC_0010468,6.736244,10.180844
ISIC_0010469,4.905182,9.83073
ISIC_0010470,6.433926,7.0211782
ISIC_0010476,7.123954,6.5438013
ISIC_0010482,4.515649,9.807267
ISIC_0010486,6.649073,9.565873
ISIC_0010495,5.4599705,7.6633387
ISIC_0010514,8.030025,6.8543525
ISIC_0010527,5.6912646,7.545799
ISIC_0010532,7.0442758,6.6042275
ISIC_0010543,5.5942764,6.515552
ISIC_0010550,6.006077,10.755408
ISIC_0010551,5.093454,8.061671
ISIC_0010555,7.684536,7.0868497
ISIC_0010559,3.7795026,11.773859
ISIC_0010564,5.6057944,9.998077
ISIC_0010576,5.6624665,6.253057
ISIC_0010579,4.861356,9.225602
ISIC_0010583,6.3552756,9.819715
ISIC_0010587,8.339266,6.7344556
ISIC_0010591,5.714996,7.1460366
ISIC_0010596,7.873644,9.831509
ISIC_0010597,6.4344296,11.910254
ISIC_0010608,8.0665655,9.531509
ISIC_0010609,7.2367535,5.3515835
ISIC_0010611,6.1229277,7.3953924
ISIC_0010631,7.5391808,10.160722
ISIC_0010644,6.490138,6.783744
ISIC_0010648,6.3326826,6.736904
ISIC_0010653,5.6786995,6.181248
ISIC_0010655,3.985583,9.868266
ISIC_0010707,5.707362,6.716774
ISIC_0010714,5.4851365,12.227896
ISIC_0010723,6.7376614,10.042134
ISIC_0010728,6.617299,9.266109
ISIC_0010729,5.363034,6.8740635
ISIC_0010741,6.046124,7.5085964
ISIC_0010749,6.4369006,7.4509125
ISIC_0010750,6.6104574,9.168452
ISIC_0010757,6.9844995,5.180454
ISIC_0010759,6.7556705,11.291792
ISIC_0010764,6.4580426,8.328595
ISIC_0010765,5.5670257,8.068358
ISIC_0010766,6.3996167,4.4122777
ISIC_0010770,6.187745,4.330998
ISIC_0010772,7.6985717,5.4936585
ISIC_0010777,7.8776793,4.5144997
ISIC_0010782,6.9734826,8.046204
ISIC_0010784,6.4162054,8.922449
ISIC_0010785,6.435975,7.9045935
ISIC_0010789,8.354195,9.67299
ISIC_0010790,4.1336308,9.24849
ISIC_0010791,5.7757688,8.377038
ISIC_0010792,4.1428127,9.745772
ISIC_0010803,7.094812,4.847295
ISIC_0010808,7.5981083,6.9112964
ISIC_0010809,4.955381,8.206264
ISIC_0010810,3.1805968,7.5966234
ISIC_0010834,7.1371255,4.860054
ISIC_0010852,6.8917465,4.417314
ISIC_0010860,7.517516,4.72217
ISIC_0010862,8.402399,6.7851353
ISIC_0010863,6.647485,11.041972
ISIC_0010866,6.8268776,10.662108
ISIC_0010872,6.5188823,9.755558
ISIC_0010876,6.276713,6.874338
ISIC_0010878,6.480598,8.698426
ISIC_0010883,8.226845,6.9125786
ISIC_0010890,4.150581,10.2495165
ISIC_0010898,6.4865656,4.80315
ISIC_0010900,7.3280907,5.66937
ISIC_0010912,7.127303,8.470521
ISIC_0010917,6.598089,10.0466585
ISIC_0010923,6.544203,6.180602
ISIC_0010938,6.306987,8.967937
ISIC_0010942,3.9440215,11.636746
ISIC_0010965,6.789338,11.612677
ISIC_0010971,6.5967555,9.757627
ISIC_0010977,6.6088486,7.038576
ISIC_0010978,6.999302,5.3088713
ISIC_0010979,5.129082,8.940777
ISIC_0010982,4.0617943,10.120356
ISIC_0010993,4.2723684,9.232536
ISIC_0010995,6.091461,5.685383
ISIC_0011007,4.697725,9.87579
ISIC_0011012,7.8441916,6.193909
ISIC_0011030,8.402776,7.009403
ISIC_0011031,8.220559,9.658377
ISIC_0011039,6.270933,10.588505
ISIC_0011040,7.752239,6.4298224
ISIC_0011042,4.1522145,9.328477
ISIC_0011043,5.635435,6.2031846
ISIC_0011045,6.7205296,10.25542
ISIC_0011052,5.251996,9.324009
ISIC_0011057,6.950082,4.243634
ISIC_0011077,4.684919,8.62917
ISIC_0011099,7.463985,4.7276793
ISIC_0011118,6.869553,5.138938
ISIC_0011122,6.5784426,9.582266
ISIC_0011128,4.11264,9.808791
ISIC_0011130,7.7523603,9.8720875
ISIC_0011132,8.101136,9.3782835
ISIC_0011135,7.263604,4.6245103
ISIC_0011136,5.311177,7.306619
ISIC_0011137,7.932498,11.245356
ISIC_0011138,4.783799,9.689801
ISIC_0011139,5.122698,8.040103
ISIC_0011140,7.221786,4.5129967
ISIC_0011151,6.1870375,9.120012
ISIC_0011158,6.634219,8.937606
ISIC_0011161,5.307828,6.7233677
ISIC_0011163,7.033285,4.302312
ISIC_0011166,5.2465897,7.9654846
ISIC_0011169,7.9602647,4.5721602
ISIC_0011176,5.7305193,5.963656
ISIC_0011178,4.537179,9.976723
ISIC_0011181,4.702401,9.689846
ISIC_0011187,5.5442767,7.0199413
ISIC_0011193,7.6893306,6.9485297
ISIC_0011196,5.1699133,8.048496
ISIC_0011209,5.845848,9.363341
ISIC_0011238,7.6663513,6.5771747
ISIC_0011239,5.0887237,8.123036
ISIC_0011247,6.877759,10.981647
ISIC_0011256,7.836327,4.588226
ISIC_0011264,4.1902084,10.074209
ISIC_0011267,7.7599216,7.0401354
ISIC_0011268,5.987977,12.17413
ISIC_0011269,7.115293,4.676147
ISIC_0011273,6.1600323,8.868181
ISIC_0011305,6.639528,5.7369237
ISIC_0011315,7.9390507,9.728513
ISIC_0011337,8.011914,9.547339
ISIC_0011348,6.5001636,10.993856
ISIC_0011350,6.9473925,11.544643
ISIC_0011356,5.4999433,10.858207
ISIC_0011366,5.718779,6.556205
ISIC_0011370,6.4561486,9.119192
ISIC_0011374,6.429689,10.176598
ISIC_0011375,5.0781913,10.2003355
ISIC_0011381,5.6406956,9.791989
ISIC_0011387,7.208145,11.4867935
ISIC_0011388,7.052747,6.8947663
ISIC_0011390,6.931322,10.086466
ISIC_0011391,3.1294825,12.263129
ISIC_0011399,5.7559495,9.579246
ISIC_0011404,8.778183,10.043686
ISIC_0011405,9.405193,9.670787
ISIC_0011428,9.258648,10.3828945
ISIC_0011429,6.232319,11.355974
ISIC_0011430,6.2534094,11.352516
ISIC_0011434,7.2285824,12.072339
ISIC_0011435,7.2542005,12.09014
ISIC_0011437,6.784136,6.8106804
ISIC_0011438,8.073152,11.656991
ISIC_0011439,8.028822,11.626475
ISIC_0011458,8.500842,10.060795
ISIC_0011460,7.795647,11.018568
ISIC_0011463,5.861367,9.991794
ISIC_0011471,9.31361,10.203827
ISIC_0011474,6.167798,7.6262226
ISIC_0011480,7.6661596,10.781402
ISIC_0011481,7.9895296,4.602184
ISIC_0011482,9.369805,9.956298
ISIC_0011483,6.622817,11.196339
ISIC_0011484,6.6673203,11.090306
ISIC_0011485,8.854558,10.359777
ISIC_0011486,9.158155,10.263603
ISIC_0011487,8.832599,10.363243
ISIC_0011488,7.5819807,11.263302
ISIC_0011489,9.309644,10.266224
ISIC_0011490,7.654698,11.274038
ISIC_0011491,6.724271,11.710067
ISIC_0011492,5.6634765,6.746877
ISIC_0011493,7.6662145,10.834396
ISIC_0011494,8.961524,10.447698
ISIC_0011501,8.664277,10.498213
ISIC_0011503,6.519754,11.381358
ISIC_0011504,9.160515,10.691037
ISIC_0011505,7.337791,11.533701
ISIC_0011506,7.2834506,11.61234
ISIC_0011507,8.032835,12.022089
ISIC_0011508,8.007887,12.077276
ISIC_0011511,5.8062625,10.172433
ISIC_0011514,7.205671,10.603688
ISIC_0011515,8.400326,10.275264
ISIC_0011516,8.397423,10.316306
ISIC_0011517,8.40504,10.056384
ISIC_0011518,8.538057,10.032185
ISIC_0011519,8.38609,10.075485
ISIC_0011520,7.1770906,11.784616
ISIC_0011526,8.083957,11.355632
ISIC_0011527,3.8617737,10.852658
ISIC_0011528,3.866067,10.816534
ISIC_0011529,3.8593423,10.85944
ISIC_0011530,3.8596442,10.823063
ISIC_0011531,3.8721337,10.815496
ISIC_0011534,8.18435,10.696775
ISIC_0011537,6.543247,11.357404
ISIC_0011560,7.2961903,8.541863
ISIC_0011566,8.733043,10.114256
ISIC_0011579,8.708373,10.446714
ISIC_0011589,8.30636,11.536939
ISIC_0011590,8.297569,11.548638
ISIC_0011591,8.335745,11.550874
ISIC_0011594,5.7670603,11.07886
ISIC_0011610,6.051124,5.6540356
ISIC_0011613,7.167552,12.008149
ISIC_0011614,7.0478683,11.955299
ISIC_0011615,7.17821,12.025375
ISIC_0011616,7.061728,11.981544
ISIC_0011618,4.630127,10.660127
ISIC_0011628,4.267368,10.331776
ISIC_0011649,9.091826,10.197807
ISIC_0011659,8.5600195,10.369253
ISIC_0011684,6.079829,6.327488
ISIC_0011691,8.450039,10.703143
ISIC_0011692,7.9162297,11.944708
ISIC_0011693,7.928996,11.94142
ISIC_0011694,7.69908,12.141012
ISIC_0011695,7.970704,11.933186
ISIC_0011696,7.94739,11.968417
ISIC_0011697,7.9344463,11.955371
ISIC_0011698,7.900364,12.031197
ISIC_0011699,7.863283,12.049228
ISIC_0011700,7.676342,12.150352
ISIC_0011701,7.9353056,11.977079
ISIC_0011702,7.638023,12.124978
ISIC_0011703,7.6385603,12.191595
ISIC_0011704,7.9314284,11.9874525
ISIC_0011709,6.601915,11.262197
ISIC_0011710,6.5924993,11.26577
ISIC_0011728,8.047706,11.224848
ISIC_0011729,8.075181,11.602651
ISIC_0011736,7.78583,10.5829315
ISIC_0011743,7.1683826,10.674895
ISIC_0011744,7.162996,10.785456
ISIC_0011758,9.853928,10.835104
ISIC_0011759,9.858505,10.837426
ISIC_0011764,7.9446874,11.073043
ISIC_0011770,9.541493,9.97679
ISIC_0011771,9.516152,10.0340605
ISIC_0011772,9.536419,9.865735
ISIC_0011773,9.5488615,10.148032
ISIC_0011774,9.541018,10.13895
ISIC_0011778,4.2292356,10.3027315
ISIC_0011780,6.5144944,8.398101
ISIC_0011782,6.904174,11.3206005
ISIC_0011794,6.6993246,9.586799
ISIC_0011797,8.065263,12.033422
ISIC_0011798,8.061596,11.971489
ISIC_0011799,8.099265,12.010977
ISIC_0011801,8.344375,11.361497
ISIC_0011802,8.367701,11.326075
ISIC_0011807,9.830043,10.814434
ISIC_0011808,9.834887,10.818167
ISIC_0011811,8.077962,11.030117
ISIC_0011812,8.056512,11.055451
ISIC_0011845,9.866397,10.842906
ISIC_0011846,9.882557,10.855247
ISIC_0011857,7.629114,11.194844
ISIC_0011858,7.5397344,11.216429
ISIC_0011870,7.0982594,10.178445
ISIC_0011872,7.3552923,12.571469
ISIC_0011873,7.357154,12.572821
ISIC_0011874,7.3522444,12.5796385
ISIC_0011875,7.3612623,12.549839
ISIC_0011876,7.347029,12.573362
ISIC_0011877,7.3535504,12.597362
ISIC_0011878,7.351364,12.6032505
ISIC_0011879,7.362551,12.575315
ISIC_0011892,8.000037,12.087849
ISIC_0011895,9.065005,10.734285
ISIC_0011898,6.4053574,8.70555
ISIC_0011904,6.601236,11.227308
ISIC_0011921,9.122789,10.478216
ISIC_0011922,9.139533,10.471062
ISIC_0011923,7.868597,5.19257
ISIC_0011930,5.8992,9.871884
ISIC_0011931,5.9064918,9.884955
ISIC_0011933,6.233681,9.861593
ISIC_0011943,6.047755,6.1198454
ISIC_0011944,7.8941383,11.919573
ISIC_0011947,9.194167,10.494909
ISIC_0011948,9.1121,10.466286
ISIC_0011949,9.204476,10.676294
ISIC_0011950,9.1864605,10.730533
ISIC_0011951,9.166264,10.698514
ISIC_0011957,7.240897,11.761517
ISIC_0011958,7.2946873,11.553467
ISIC_0011975,5.398016,10.592047
ISIC_0011987,8.794161,10.030626
ISIC_0011996,5.6543345,6.575734
ISIC_0011998,8.619376,10.56342
ISIC_0012000,7.2167606,10.405271
ISIC_0012044,7.099743,10.784367
ISIC_0012047,8.020249,11.50036
ISIC_0012048,8.0567465,11.015192
ISIC_0012049,4.5091085,10.771907
ISIC_0012060,8.675889,10.024539
ISIC_0012063,7.597483,11.676651
ISIC_0012066,7.6078024,11.568788
ISIC_0012069,7.6232333,11.65107
ISIC_0012081,7.994275,11.861476
ISIC_0012082,8.242442,11.714947
ISIC_0012083,4.1014724,10.390323
ISIC_0012099,7.294165,5.8460665
ISIC_0012112,6.663551,5.599116
ISIC_0012137,6.362598,7.5518923
ISIC_0012151,7.205453,6.793393
ISIC_0012208,7.3749695,5.8894777
ISIC_0012258,6.9966807,6.217813
ISIC_0012270,7.488864,4.978436
ISIC_0012288,7.933123,4.8545427
ISIC_0012290,5.3308277,6.738795
ISIC_0012298,6.88206,4.8493514
ISIC_0012321,7.6598883,8.5234785
ISIC_0012348,5.730195,6.0253
ISIC_0012356,6.800465,6.972402
ISIC_0012369,7.1582417,6.082044
ISIC_0012382,7.8464813,4.9192348
ISIC_0012391,7.628046,7.9703317
ISIC_0012418,7.6634316,7.6964803
ISIC_0012425,7.372216,4.9996696
ISIC_0012434,7.3105383,5.759268
ISIC_0012435,7.742947,7.801949
ISIC_0012450,7.870615,4.786015
ISIC_0012471,7.740881,7.742851
ISIC_0012472,3.9432127,11.6602
ISIC_0012512,8.147891,9.485601
ISIC_0012571,5.4758554,7.653121
ISIC_0012574,8.091498,6.6886516
ISIC_0012577,5.6303954,6.7067456
ISIC_0012580,5.753678,6.4963703
ISIC_0012592,7.350218,6.619817
ISIC_0012595,4.28005,10.07931
ISIC_0012610,5.854759,7.182149
ISIC_0012633,5.583594,6.6914988
ISIC_0012678,4.1177416,9.859755
ISIC_0012701,6.9443655,7.1458387
ISIC_0012756,6.820729,6.8477345
ISIC_0012758,7.3804207,5.90696
ISIC_0012843,6.640897,5.6359715
ISIC_0012887,7.6458187,5.5813904
ISIC_0012930,7.527609,8.118397
ISIC_0012988,7.5605373,5.680669
ISIC_0012989,7.66424,5.547808
ISIC_0012990,7.8233604,5.6939464
ISIC_0013072,7.5577083,8.004781
ISIC_0013073,7.6406684,8.053593
ISIC_0013079,7.521112,8.162274
ISIC_0013141,9.4114485,9.7129545
ISIC_0013184,6.8313026,6.8918376
ISIC_0013198,7.537078,7.865729
ISIC_0013232,7.7280574,8.039033
ISIC_0013242,7.32404,7.857579
ISIC_0013258,9.270724,9.608636
ISIC_0013277,7.989354,5.036105
ISIC_0013321,5.657273,8.979281
ISIC_0013334,3.8892078,11.707049
ISIC_0013359,7.190717,8.922145
ISIC_0013365,7.71635,7.910102
ISIC_0013374,6.9503975,11.799911
ISIC_0013411,6.31844,8.149434
ISIC_0013427,6.9164276,9.363775
ISIC_0013429,7.756653,5.363227
ISIC_0013444,7.457129,5.000874
ISIC_0013455,7.0846057,8.721089
ISIC_0013457,6.411946,6.011455
ISIC_0013459,5.613004,7.0002403
ISIC_0013460,7.473849,5.0098963
ISIC_0013472,7.118672,6.2430634
ISIC_0013473,6.971307,10.765913
ISIC_0013490,7.662966,5.6603956
ISIC_0013491,7.304299,5.9875975
ISIC_0013497,4.1409926,9.898229
ISIC_0013499,7.2342277,7.5684967
ISIC_0013500,7.8361077,5.8921404
ISIC_0013501,7.7340646,5.418504
ISIC_0013518,7.949646,8.777502
ISIC_0013525,7.0256634,4.5107994
ISIC_0013530,7.5177183,8.142867
ISIC_0013548,6.8824053,5.8637123
ISIC_0013549,6.2773805,8.23612
ISIC_0013565,6.9911013,6.0274935
ISIC_0013567,7.4542537,7.988461
ISIC_0013572,7.7615814,5.4473467
ISIC_0013577,7.447751,8.000375
ISIC_0013578,7.0079727,6.113253
ISIC_0013579,7.175027,7.9946356
ISIC_0013581,6.9530315,7.117219
ISIC_0013588,6.2700205,5.5180087
ISIC_0013594,5.3509,6.7331223
ISIC_0013606,7.5513477,7.8799233
ISIC_0013610,7.1633034,6.576869
ISIC_0013615,7.4212093,4.891189
ISIC_0013617,6.919619,6.65446
ISIC_0013618,6.03098,6.742981
ISIC_0013626,6.9372663,6.9250107
ISIC_0013634,7.448039,8.1793375
ISIC_0013636,7.736543,5.9025784
ISIC_0013639,7.2363887,5.977453
ISIC_0013646,7.169621,4.185253
ISIC_0013651,7.861849,5.2297273
ISIC_0013652,6.9779615,6.0776467
ISIC_0013663,7.0374103,8.439775
ISIC_0013671,7.6290684,5.4279976
ISIC_0013672,7.1997504,5.976801
ISIC_0013696,9.311203,8.968501
ISIC_0013702,7.9942274,5.0512233
ISIC_0013733,7.521144,8.198075
ISIC_0013736,9.326956,9.529837
ISIC_0013739,7.099867,5.8808646
ISIC_0013740,7.170968,7.5061216
ISIC_0013744,7.665838,8.507093
ISIC_0013762,7.0758123,8.588422
ISIC_0013766,7.316326,5.970026
ISIC_0013767,7.695204,8.486092
ISIC_0013768,7.7130837,8.449424
ISIC_0013769,8.332648,9.04113
ISIC_0013775,7.2511044,5.805844
ISIC_0013777,7.4823685,8.078449
ISIC_0013783,7.2934623,8.8134365
ISIC_0013813,4.3380075,9.746251
ISIC_0013814,4.169728,9.639448
ISIC_0013815,7.61899,7.4288425
ISIC_0013831,7.273956,5.736717
ISIC_0013832,7.5298734,8.024295
ISIC_0013833,7.34566,8.256808
ISIC_0013839,7.2970967,5.8291225
ISIC_0013842,7.256287,5.9075947
ISIC_0013844,7.3544555,7.2792997
ISIC_0013845,7.0442324,6.0873117
ISIC_0013861,7.1602874,8.8755455
ISIC_0013865,7.727684,7.6478415
ISIC_0013867,6.9118633,6.105758
ISIC_0013874,6.6038003,6.760879
ISIC_0013908,7.7010627,7.7128296
ISIC_0013917,6.9942427,6.1530657
ISIC_0013936,8.001633,4.676056
ISIC_0013948,7.850643,5.2300797
ISIC_0013953,7.585163,5.530679
ISIC_0013969,7.0125356,5.2541757
ISIC_0013972,7.872748,8.921177
ISIC_0013975,7.3745337,7.909291
ISIC_0013984,7.459338,7.9325953
ISIC_0013987,7.5502386,8.0602045
ISIC_0013988,7.501229,7.99444
ISIC_0013992,7.670232,7.7038817
ISIC_0013995,8.271455,9.5964365
ISIC_0013997,7.606998,7.5561485
ISIC_0014013,7.258627,6.055139
ISIC_0014037,2.8946624,12.181827
ISIC_0014044,7.242896,8.0238285
ISIC_0014049,7.2012467,7.5510917
ISIC_0014059,7.041699,4.285722
ISIC_0014061,7.182819,6.481156
ISIC_0014062,6.9769387,7.0400085
ISIC_0014072,5.993685,9.611215
ISIC_0014076,9.17783,9.33163
ISIC_0014077,9.356538,9.367958
ISIC_0014079,7.0795074,7.065406
ISIC_0014082,7.0362363,8.754701
ISIC_0014086,7.7306314,7.7445574
ISIC_0014088,7.1409016,6.481242
ISIC_0014091,3.9206004,11.683099
ISIC_0014092,7.1143146,4.1881456
ISIC_0014099,3.876879,11.743654
ISIC_0014103,7.400953,5.7274127
ISIC_0014108,7.748956,5.969194
ISIC_0014110,7.043184,8.625939
ISIC_0014127,7.8289804,7.682112
ISIC_0014129,7.7021017,8.4448
ISIC_0014132,6.8960085,6.8719015
ISIC_0014133,8.772878,9.458305
ISIC_0014144,7.464438,7.2640615
ISIC_0014148,7.0078855,6.9196115
ISIC_0014151,7.2315197,8.304531
ISIC_0014156,7.0616755,6.6802835
ISIC_0014157,7.778062,7.86016
ISIC_0014160,7.667949,7.5104313
ISIC_0014163,7.891082,5.304524
ISIC_0014165,7.66922,8.4977865
ISIC_0014171,6.959936,5.6969314
ISIC_0014173,3.9709027,11.731389
ISIC_0014181,7.527428,8.543085
ISIC_0014183,7.583878,8.692095
ISIC_0014186,7.5516553,5.530481
ISIC_0014187,7.4582405,5.6339216
ISIC_0014189,3.1257417,7.553817
ISIC_0014190,7.0615273,7.4443555
ISIC_0014217,7.595513,8.78592
ISIC_0014219,7.350341,8.119029
ISIC_0014222,7.080058,6.9767346
ISIC_0014229,6.965928,5.021808
ISIC_0014233,7.369856,8.061462
ISIC_0014238,7.207083,6.5736866
ISIC_0014249,7.219593,8.018556
ISIC_0014270,7.0226808,4.1032667
ISIC_0014284,7.456267,4.9122543
ISIC_0014288,6.944841,7.1275187
ISIC_0014289,6.6204534,6.7039876
ISIC_0014290,7.53459,4.520201
ISIC_0014291,7.3777437,4.870378
ISIC_0014302,7.6900635,7.687869
ISIC_0014308,7.1449265,8.055901
ISIC_0014316,7.1596923,6.531704
ISIC_0014319,6.9926567,7.7213473
ISIC_0014324,6.0677123,5.9923115
ISIC_0014325,7.50633,8.3510475
ISIC_0014327,6.8516364,6.4720206
ISIC_0014331,4.503677,9.702533
ISIC_0014336,7.1031256,7.1605597
ISIC_0014337,4.4660025,9.742408
ISIC_0014347,7.184911,7.66751
ISIC_0014349,7.5019507,7.474771
ISIC_0014357,7.01259,7.106707
ISIC_0014360,7.2041597,6.5068336
ISIC_0014361,7.9461403,4.8723445
ISIC_0014366,7.4438124,4.9065256
ISIC_0014369,7.3190484,6.3348727
ISIC_0014372,6.877761,7.7915244
ISIC_0014377,6.915582,6.4866333
ISIC_0014385,4.0420856,10.076921
ISIC_0014395,4.3102427,9.767971
ISIC_0014400,7.093301,4.098845
ISIC_0014422,6.920194,7.8165603
ISIC_0014423,7.3382874,5.7308936
ISIC_0014428,7.195036,4.1570287
ISIC_0014434,7.388646,5.798954
ISIC_0014454,6.7442713,7.9715533
ISIC_0014476,7.904545,5.5397997
ISIC_0014478,7.7198467,8.005143
ISIC_0014480,7.417596,7.7189245
ISIC_0014486,7.688669,7.6171937
ISIC_0014489,6.9576283,7.7482243
ISIC_0014501,7.676203,8.481562
ISIC_0014506,6.6811495,7.829674
ISIC_0014507,7.1882105,6.711738
ISIC_0014513,7.591272,5.402713
ISIC_0014525,8.293452,9.050156
ISIC_0014527,8.112368,8.950643
ISIC_0014541,7.7600408,7.7912016
ISIC_0014543,7.189074,6.52314
ISIC_0014545,7.2051373,4.160918
ISIC_0014546,6.9448805,8.109624
ISIC_0014548,7.009816,6.111167
ISIC_0014557,6.888276,6.4570146
ISIC_0014558,7.096985,8.672041
ISIC_0014559,8.2033415,8.988734
ISIC_0014663,6.7375,11.144234
ISIC_0014666,6.1264215,9.205048
ISIC_0014671,9.8669,10.844907
ISIC_0014681,6.3618274,11.108537
ISIC_0014688,8.839194,10.133885
ISIC_0014689,8.786355,9.941258
ISIC_0014690,8.760223,10.0359
ISIC_0014703,5.8376474,9.956989
ISIC_0014722,8.898465,10.444043
ISIC_0014727,9.393343,9.643919
ISIC_0014766,8.521288,10.582591
ISIC_0014772,8.23698,10.985312
ISIC_0014784,4.4919357,10.778734
ISIC_0014788,7.364443,11.567923
ISIC_0014790,8.550511,10.056054
ISIC_0014795,9.327876,10.209728
ISIC_0014800,7.895981,11.07269
ISIC_0014809,7.844225,11.079129
ISIC_0014813,6.90346,5.10642
ISIC_0014826,6.729765,10.887225
ISIC_0014832,8.898921,10.401903
ISIC_0014852,5.963374,10.788725
ISIC_0014857,6.683968,9.5927725
ISIC_0014858,6.581997,8.588353
ISIC_0014862,7.632354,10.796303
ISIC_0014864,4.1332664,11.38392
ISIC_0014871,8.007528,11.651225
ISIC_0014872,8.707077,9.92154
ISIC_0014873,8.6504545,10.585609
ISIC_0014874,8.798535,10.10829
ISIC_0014877,8.043192,12.036133
ISIC_0014880,6.1179056,9.500597
ISIC_0014883,7.8011627,12.03052
ISIC_0014891,8.547367,10.39757
ISIC_0014892,8.737568,10.520473
ISIC_0014893,8.801279,10.054203
ISIC_0014897,8.351449,11.259122
ISIC_0014900,8.961774,10.85984
ISIC_0014912,6.7905555,11.855568
ISIC_0014918,9.385064,9.624391
ISIC_0014919,5.946699,5.635762
ISIC_0014920,8.222282,6.5718746
ISIC_0014924,8.988586,10.433229
ISIC_0014928,8.152141,6.5533752
ISIC_0014931,9.319161,10.248601
ISIC_0014935,7.127748,10.858417
ISIC_0014951,7.2124405,11.0695305
ISIC_0014953,8.974375,10.391999
ISIC_0014963,7.0600376,11.15627
ISIC_0014970,7.9241204,12.014358
ISIC_0014975,4.1847386,10.278566
ISIC_0014979,8.776253,9.883747
ISIC_0014980,8.769273,9.901517
ISIC_0014982,7.3371906,11.799753
ISIC_0014983,9.285342,10.333367
ISIC_0014985,4.0973477,10.403587
ISIC_0014987,8.140139,10.958301
ISIC_0014999,6.1314535,8.658542
ISIC_0015004,8.702081,9.989281
ISIC_0015005,7.6635594,10.725035
ISIC_0015041,9.04535,10.854368
ISIC_0015045,8.056473,11.07624
ISIC_0015050,7.678951,9.88952
ISIC_0015065,8.41979,10.360826
ISIC_0015067,4.320352,10.337523
ISIC_0015073,6.783719,11.866755
ISIC_0015079,7.939571,11.433333
ISIC_0015082,6.7595487,11.057511
ISIC_0015083,5.7088284,6.485863
ISIC_0015088,7.1087546,10.817137
ISIC_0015096,9.251994,10.305232
ISIC_0015106,4.125557,11.360204
ISIC_0015109,9.005866,10.464033
ISIC_0015114,7.247204,11.0798
ISIC_0015115,8.455877,10.336083
ISIC_0015116,9.393533,9.890989
ISIC_0015119,7.800284,11.923998
ISIC_0015120,6.8490267,11.460299
ISIC_0015122,9.430872,9.651542
ISIC_0015124,9.026191,10.33869
ISIC_0015127,8.001248,11.065021
ISIC_0015128,6.123745,6.253913
ISIC_0015132,7.7891536,11.880204
ISIC_0015133,9.480657,9.774617
ISIC_0015136,7.9108524,11.215397
ISIC_0015141,8.530459,10.445375
ISIC_0015142,5.846726,6.1731143
ISIC_0015143,7.82603,11.424747
ISIC_0015145,7.995703,11.626794
ISIC_0015156,7.0832777,10.17843
ISIC_0015163,8.764994,10.133199
ISIC_0015166,7.493526,12.434553
ISIC_0015167,5.758141,5.716943
ISIC_0015169,9.14342,10.403864
ISIC_0015178,4.1562657,10.269887
ISIC_0015180,4.239617,10.364907
ISIC_0015185,4.0974245,11.32979
ISIC_0015189,8.257005,10.335745
ISIC_0015190,8.164527,10.673727
ISIC_0015191,8.890612,10.5005
ISIC_0015192,9.740079,10.685212
ISIC_0015193,8.166924,11.357416
ISIC_0015194,7.670542,11.724784
ISIC_0015196,5.8978076,5.6150684
ISIC_0015197,5.908993,5.6319723
ISIC_0015204,9.166973,10.307498
ISIC_0015205,6.634286,11.141065
ISIC_0015206,7.746972,10.784616
ISIC_0015213,5.735858,11.097177
ISIC_0015219,8.333604,10.804653
ISIC_0015228,3.9115958,11.696824
ISIC_0015229,6.544893,11.418476
ISIC_0015230,8.7308235,10.3736925
ISIC_0015236,7.167042,10.201539
ISIC_0015243,7.9244227,10.666471
ISIC_0015246,6.955673,11.319911
ISIC_0015248,8.05579,12.036258
ISIC_0015251,7.5423284,11.257187
ISIC_0015256,4.628037,10.919681
ISIC_0015266,6.3033934,11.130048
ISIC_0015277,7.209652,11.68759
ISIC_0015284,3.9310288,11.68248
ISIC_0015288,7.1698165,10.736806
ISIC_0015289,7.118445,10.911615
ISIC_0015314,8.820115,9.8314495
ISIC_0015316,9.476971,9.888667
ISIC_0015317,9.86277,10.846779
ISIC_0015318,6.5104165,8.359626
ISIC_0015332,4.1441426,11.629357
ISIC_0015336,7.7299333,11.780723
ISIC_0015343,5.367125,10.598533
ISIC_0015356,6.7483387,11.899892
ISIC_0015377,6.2610035,8.192457
ISIC_0015433,6.7582664,11.019833
ISIC_0015434,6.917564,5.0626493
ISIC_0015441,7.6602716,9.824829
ISIC_0015442,9.861349,10.839846
ISIC_0015457,3.9278364,11.682478
ISIC_0015458,3.9389207,11.6763
ISIC_0015477,7.2501044,11.69547
ISIC_0015503,6.784012,10.895347
ISIC_0015508,5.6924024,11.023049
ISIC_0015514,8.27028,11.776176
ISIC_0015517,6.098494,5.9001265
ISIC_0015519,6.0945315,5.9067087
ISIC_0015522,8.923836,10.40454
ISIC_0015523,7.2889333,10.484861
ISIC_0015533,8.807764,10.015395
ISIC_0015565,9.436216,9.687256
ISIC_0015575,9.871078,10.858027
ISIC_0015595,4.0667815,11.4903345
ISIC_0015608,7.8910036,12.029918
ISIC_0015619,4.0801377,11.59921
ISIC_0016080,7.0765257,6.6636853
ISIC_0016081,7.70546,7.7361755
ISIC_0016082,7.287989,4.5971375
ISIC_0016084,7.8659353,5.2383823
ISIC_0016085,7.2309256,8.029156
ISIC_0016092,7.321001,4.572255
ISIC_0016094,7.515714,5.2887506
ISIC_0016112,7.700498,8.435267
ISIC_0016114,6.1142926,6.3552284
ISIC_0016123,6.7789736,11.629476
ISIC_0016127,7.187277,6.0242515
ISIC_0016128,5.9858007,12.177101
ISIC_0016131,6.6155233,5.619847
ISIC_0016133,6.600387,5.9711227
ISIC_0016137,6.8404574,6.94979
ISIC_0016139,7.989759,4.8177943
ISIC_0016145,4.0457816,11.590089
ISIC_0016153,6.954177,8.121339
ISIC_0016161,7.0045576,8.641711
ISIC_0016162,3.87561,11.715351
ISIC_0020963,5.416364,6.8245597
ISIC_0020975,6.6077404,9.812529
ISIC_0020977,6.696038,9.344825
ISIC_0020978,6.0869265,8.147832
ISIC_0020985,5.607551,9.158018
ISIC_0020986,5.56707,9.125355
ISIC_0020987,4.5931096,8.925994
ISIC_0020988,4.9054637,9.2437105
ISIC_0020998,4.975156,9.9056635
ISIC_0021009,4.6502576,9.071557
ISIC_0021020,4.9901567,9.736828
ISIC_0021094,6.2391973,10.316172
ISIC_0021095,6.262444,10.62656
ISIC_0021125,5.765814,9.623732
ISIC_0021136,5.6862764,9.570907
ISIC_0021147,5.713954,9.493776
ISIC_0021155,5.7792573,9.553813
ISIC_0021162,5.6886883,9.4527645
ISIC_0021166,4.148753,10.243672
ISIC_0021167,4.1515965,10.289153
ISIC_0021168,4.1328545,10.2578745
ISIC_0021172,10.906819,7.3371515
ISIC_0021187,7.676477,4.7907605
ISIC_0021188,7.721411,4.495388
ISIC_0021189,7.688131,4.6016684
ISIC_0021194,7.854676,9.794465
ISIC_0021205,8.946508,9.010259
ISIC_0021271,6.7272415,10.525259
ISIC_0021282,4.7773824,7.8059897
ISIC_0021293,6.634508,10.581944
ISIC_0021295,5.768521,8.101593
ISIC_0021296,6.5467434,9.230961
ISIC_0021297,6.022849,8.360334
ISIC_0021328,6.4482193,8.612449
ISIC_0021329,6.4463983,8.72448
ISIC_0021330,6.1549067,7.2398553
ISIC_0021339,4.9847193,12.471197
ISIC_0021340,5.5234084,9.673127
ISIC_0021341,5.0237136,12.515804
ISIC_0021382,5.3337803,9.398016
ISIC_0021383,5.317007,9.399226
ISIC_0021384,5.3624554,9.4525585
ISIC_0021390,8.94699,8.974574
ISIC_0021391,9.034755,9.026155
ISIC_0021399,5.502739,7.6022544
ISIC_0021400,6.355286,4.6848917
ISIC_0021401,5.9890027,6.1027265
ISIC_0021405,7.7904215,9.887728
ISIC_0021407,7.7926593,9.850549
ISIC_0021408,9.171146,9.321266
ISIC_0021426,6.0208535,9.227721
ISIC_0021427,5.822218,9.262592
ISIC_0021428,5.4244633,8.953777
ISIC_0021432,4.085418,10.428941
ISIC_0021434,4.099466,10.214421
ISIC_0021435,3.9999244,9.97121
ISIC_0021439,6.5551744,9.765464
ISIC_0021440,6.439545,9.325765
ISIC_0021441,5.941477,7.0538187
ISIC_0021442,6.63011,9.596521
ISIC_0021443,6.437761,9.074138
ISIC_0021446,6.2847705,8.92061
ISIC_0021473,8.36621,9.752084
ISIC_0021474,8.462449,9.742832
ISIC_0021475,8.502614,9.960042
ISIC_0021480,9.313708,9.527748
ISIC_0021481,9.334632,9.507929
ISIC_0021482,9.343068,9.545911
ISIC_0021491,5.6750836,6.258349
ISIC_0021492,5.787935,6.2467036
ISIC_0021493,5.8174706,6.7859054
ISIC_0021497,4.8289337,9.3115
ISIC_0021498,5.4829803,8.185863
ISIC_0021500,4.685246,8.942836
ISIC_0021530,6.9809933,4.394399
ISIC_0021531,7.049846,4.363986
ISIC_0021533,7.054692,4.1954036
ISIC_0021534,7.2673492,4.629654
ISIC_0021535,5.7116556,5.900384
ISIC_0021536,5.7763047,5.905928
ISIC_0021542,4.1418414,10.22401
ISIC_0021543,4.297254,9.129069
ISIC_0021544,3.9924839,9.829653
ISIC_0021611,6.8296027,9.305551
ISIC_0021622,6.8897414,9.258035
ISIC_0021627,5.507383,8.441461
ISIC_0021646,5.6449814,7.3098636
ISIC_0021647,5.74521,7.371577
ISIC_0021648,5.6457105,7.332893
ISIC_0021687,6.9675593,8.322447
ISIC_0021688,7.1805773,8.512426
ISIC_0021689,5.6096425,7.2815194
ISIC_0021706,5.7941556,6.04566
ISIC_0021708,5.7036376,5.851993
ISIC_0021709,5.7203503,5.9981647
ISIC_0021710,5.8861637,8.871005
ISIC_0021711,6.1044827,9.239621
ISIC_0021713,6.03876,8.763073
ISIC_0021728,6.1521573,8.891756
ISIC_0021729,6.1322174,8.93716
ISIC_0021730,5.3200436,8.942912
ISIC_0021745,5.709296,6.5099797
ISIC_0021746,5.8583775,6.6457486
ISIC_0021747,5.8629284,7.0835247
ISIC_0021768,6.4084387,8.509794
ISIC_0021770,6.5834694,6.047183
ISIC_0021771,7.604759,6.5871
ISIC_0021772,6.2743583,6.9381003
ISIC_0021780,6.8946815,4.686542
ISIC_0021781,6.7877936,4.743096
ISIC_0021782,5.575735,7.2399273
ISIC_0021783,7.1631265,4.3108106
ISIC_0021784,6.9479876,4.218714
ISIC_0021785,7.080291,4.1413927
ISIC_0021786,7.9288707,6.698818
ISIC_0021787,7.7642827,6.8060627
ISIC_0021789,6.404068,5.9139028
ISIC_0021800,7.2121005,4.6968923
ISIC_0021801,6.96182,4.4156275
ISIC_0021802,6.1980515,7.0476847
ISIC_0021803,6.3343525,5.6278305
ISIC_0021804,6.303324,5.6489987
ISIC_0021805,4.552106,7.628222
ISIC_0021816,4.959929,7.295364
ISIC_0021818,7.1340446,9.400949
ISIC_0021819,4.8193865,7.615481
ISIC_0021850,5.6977205,6.4711266
ISIC_0021851,7.361483,6.586615
ISIC_0021896,5.947919,9.632803
ISIC_0021897,6.126337,9.947667
ISIC_0021898,8.874328,9.00744
ISIC_0021899,4.423593,7.6273723
ISIC_0021900,6.8986177,4.681441
ISIC_0021901,4.47467,7.549161
ISIC_0021908,7.140403,4.7719083
ISIC_0021917,7.6876764,6.9880753
ISIC_0021921,8.649924,9.184221
ISIC_0021925,5.289319,8.605419
ISIC_0021926,4.676748,8.862247
ISIC_0021927,8.658488,9.203124
ISIC_0021967,6.1956487,4.3472958
ISIC_0021969,6.1657314,4.4334292
ISIC_0021970,6.3990803,4.234738
ISIC_0021971,6.265106,4.243858
ISIC_0021972,6.173251,4.362836
ISIC_0021973,6.187121,4.3488755
ISIC_0021974,6.166697,4.3506527
ISIC_0021975,6.245618,4.2549663
ISIC_0021976,6.248282,4.2319913
ISIC_0021977,6.291117,4.2196054
ISIC_0021978,6.186971,4.3330975
ISIC_0021979,6.137961,7.2668386
ISIC_0021980,6.202482,4.264415
ISIC_0021981,6.2062783,4.2844934
ISIC_0021985,6.352208,7.606344
ISIC_0021996,6.2236624,7.4643106
ISIC_0021997,6.5228376,7.566285
ISIC_0022000,6.3033376,6.805951
ISIC_0022003,6.6607075,9.163072
ISIC_0022009,5.660179,8.4694395
ISIC_0022010,5.561987,8.497906
ISIC_0022011,9.171082,9.200511
ISIC_0022012,9.163626,9.204255
ISIC_0022013,6.5386415,9.026204
ISIC_0022022,6.6312246,9.24458
ISIC_0022048,5.973438,9.1296835
ISIC_0022059,4.5274606,9.677591
ISIC_0022066,7.641689,6.056496
ISIC_0022067,8.02852,9.564219
ISIC_0022068,8.026965,9.46129
ISIC_0022069,7.646869,6.103041
ISIC_0022070,5.6979675,8.856696
ISIC_0022071,7.724954,6.1845407
ISIC_0022073,7.6160307,6.0653667
ISIC_0022075,5.15344,12.352469
ISIC_0022076,5.092065,12.371234
ISIC_0022077,5.0968175,12.418234
ISIC_0022078,5.0681458,12.442556
ISIC_0022079,5.0323496,12.391478
ISIC_0022080,5.273889,9.380607
ISIC_0022081,7.123333,10.163477
ISIC_0022082,5.5166264,9.802983
ISIC_0022083,5.4437575,8.422997
ISIC_0022102,6.13486,9.240502
ISIC_0022113,6.1224194,9.234541
ISIC_0022123,6.554104,10.640525
ISIC_0022124,6.1244454,9.229111
ISIC_0022125,6.666964,10.453667
ISIC_0022154,4.043698,10.127938
ISIC_0022155,3.9845705,9.803021
ISIC_0022156,4.0744605,10.199324
ISIC_0022157,3.9926872,9.894309
ISIC_0022180,6.314223,4.506866
ISIC_0022195,8.080112,6.8171697
ISIC_0022196,8.046719,6.8263946
ISIC_0022197,7.995741,6.778005
ISIC_0022198,8.001881,6.762562
ISIC_0022199,6.908993,4.2198577
ISIC_0022245,8.062743,9.519886
ISIC_0022246,7.9176593,9.422672
ISIC_0022254,6.2419205,9.616934
ISIC_0022255,5.0149817,8.1860485
ISIC_0022256,5.498531,6.559112
ISIC_0022286,6.3626857,4.4499507
ISIC_0022304,7.9951725,11.163603
ISIC_0022305,7.994261,11.192642
ISIC_0022306,7.964307,11.30359
ISIC_0022307,8.004658,11.183785
ISIC_0022308,6.329368,5.732351
ISIC_0022311,4.33262,9.255932
ISIC_0022312,4.7776957,9.708609
ISIC_0022313,4.248981,9.245207
ISIC_0022314,4.380643,9.287986
ISIC_0022315,4.289721,9.26731
ISIC_0022316,5.0841427,8.110019
ISIC_0022317,5.094516,8.085577
ISIC_0022318,5.522861,7.0733876
ISIC_0022319,5.0837283,8.088901
ISIC_0022321,5.055223,8.090005
ISIC_0022322,4.7026343,8.2661495
ISIC_0022327,5.6887918,5.9011393
ISIC_0022328,5.5943274,6.1224375
ISIC_0022329,5.6857,5.860596
ISIC_0022330,5.721724,5.8779144
ISIC_0022332,5.645833,5.9114532
ISIC_0022338,6.9731092,4.3119154
ISIC_0022339,6.8466115,4.537197
ISIC_0022340,7.943145,6.7269993
ISIC_0022378,6.3491473,10.548643
ISIC_0022379,6.284398,10.620611
ISIC_0022380,5.941499,9.707615
ISIC_0022381,7.8178787,6.79158
ISIC_0022382,7.1154575,4.7736416
ISIC_0022383,7.9863434,6.7710304
ISIC_0022384,7.7729983,6.605702
ISIC_0022385,7.6606956,6.089664
ISIC_0022397,6.7263064,10.659663
ISIC_0022398,4.469021,8.879508
ISIC_0022399,4.6065106,8.8520975
ISIC_0022437,7.600964,4.4656363
ISIC_0022439,8.173135,6.543391
ISIC_0022440,7.699767,4.4930325
ISIC_0022442,7.6388097,4.4423447
ISIC_0022463,6.0181675,10.819227
ISIC_0022474,6.1657653,10.819682
ISIC_0022570,6.3803105,7.612872
ISIC_0022571,6.4898987,8.015559
ISIC_0022572,7.496145,9.5648155
ISIC_0022573,6.406386,7.829427
ISIC_0022574,6.3452444,7.7860007
ISIC_0022597,6.4718785,10.464802
ISIC_0022601,6.483338,10.456539
ISIC_0022602,6.5005846,10.515594
ISIC_0022603,6.4508023,10.502239
ISIC_0022604,6.452472,10.50292
ISIC_0022615,4.956682,9.452268
ISIC_0022616,5.1036353,8.974114
ISIC_0022617,4.18672,9.313853
ISIC_0022624,6.3949385,4.703536
ISIC_0022660,6.775566,10.371494
ISIC_0022679,7.2916026,9.654734
ISIC_0022682,8.691554,9.183689
ISIC_0022683,8.710884,9.192129
ISIC_0022684,8.688954,9.193443
ISIC_0022685,8.706857,9.18841
ISIC_0022686,8.690809,9.189066
ISIC_0022783,7.5377846,9.760782
ISIC_0022793,7.9647894,6.913033
ISIC_0022794,7.8820333,7.1849055
ISIC_0022796,7.853056,7.332636
ISIC_0022797,6.9374385,5.0456586
ISIC_0022798,7.0962124,4.8188987
ISIC_0022799,6.8083143,5.2313867
ISIC_0022894,7.636177,9.812212
ISIC_0023021,4.900507,9.828648
ISIC_0023022,4.821868,9.769043
ISIC_0023023,4.811424,9.786143
ISIC_0023025,4.874298,9.827421
ISIC_0023026,4.677948,9.626896
ISIC_0023042,3.3921874,12.119301
ISIC_0023043,5.1677012,10.388667
ISIC_0023044,5.5649276,9.877131
ISIC_0023045,5.4194384,10.165897
ISIC_0023047,5.5679026,10.021402
ISIC_0023048,5.6833367,9.608548
ISIC_0023049,5.803787,9.931071
ISIC_0023050,5.1794496,10.384371
ISIC_0023051,5.092796,10.463266
ISIC_0023052,3.2406461,12.2037525
ISIC_0023053,5.706393,9.695912
ISIC_0023054,5.58423,10.034153
ISIC_0023103,3.114604,7.5381575
ISIC_0023104,3.099422,7.545579
ISIC_0023105,3.1112,7.5501704
ISIC_0023106,3.1034749,7.5465474
ISIC_0023107,3.1090634,7.543517
ISIC_0023108,3.115163,7.552571
ISIC_0023109,3.102583,7.5454555
ISIC_0023110,3.1025064,7.5458384
ISIC_0023111,3.1007931,7.5456357
ISIC_0023116,4.4635177,9.737235
ISIC_0023117,4.481973,9.711528
ISIC_0023119,4.4749184,9.761258
ISIC_0023130,2.7532485,12.14574
ISIC_0023131,2.7413955,12.143871
ISIC_0023132,2.7680027,12.152877
ISIC_0023133,2.746049,12.143118
ISIC_0023161,5.6154113,6.927601
ISIC_0023163,6.1042523,8.358877
ISIC_0023164,6.0268474,8.279497
ISIC_0023165,5.571978,6.896001
ISIC_0023236,5.9397078,6.8442516
ISIC_0023262,4.1717906,10.364197
ISIC_0023264,5.148332,12.333156
ISIC_0023265,5.197187,12.379299
ISIC_0023266,5.1656485,12.330055
ISIC_0023267,5.2306275,12.397787
ISIC_0023268,5.1919265,12.353137
ISIC_0023269,5.059823,8.792895
ISIC_0023270,5.1813626,12.218376
ISIC_0023271,5.183917,12.1713705
ISIC_0023272,5.1403675,12.417902
ISIC_0023273,5.16229,12.378682
ISIC_0023275,5.074695,12.5646515
ISIC_0023276,4.7939353,11.998803
ISIC_0023277,4.6369867,11.950907
ISIC_0023278,5.185588,12.074905
ISIC_0023279,5.1759553,12.078548
ISIC_0023280,5.1043687,12.545891
ISIC_0023281,5.078297,8.830255
ISIC_0023282,5.14941,12.056271
ISIC_0023283,5.03313,8.779864
ISIC_0023284,5.0863137,12.601929
ISIC_0023286,4.5130506,9.549076
ISIC_0023287,5.082253,12.58922
ISIC_0023288,5.067518,12.635515
ISIC_0023289,5.1835604,12.371417
ISIC_0023290,5.1851377,12.361583
ISIC_0023291,4.995803,12.655971
ISIC_0023292,5.1935587,12.636855
ISIC_0023293,5.200336,12.374402
ISIC_0023294,5.2667346,12.403728
ISIC_0023295,5.2591567,12.336989
ISIC_0023296,5.251913,12.521636
ISIC_0023297,4.842126,9.7225685
ISIC_0023298,5.411334,12.675244
ISIC_0023299,5.3521166,12.667551
ISIC_0023300,5.533847,9.025985
ISIC_0023301,5.779611,12.270571
ISIC_0023302,5.6417613,5.8604574
ISIC_0023303,5.270883,12.641137
ISIC_0023304,5.378611,12.53737
ISIC_0023305,5.377235,12.221434
ISIC_0023306,5.56751,9.793134
ISIC_0023307,5.36252,12.670543
ISIC_0023308,4.418927,8.973489
ISIC_0023309,5.2323575,12.618942
ISIC_0023310,5.3496532,12.552789
ISIC_0023311,5.399656,12.641963
ISIC_0023312,5.3901744,12.640491
ISIC_0023313,5.6129885,9.137486
ISIC_0023314,4.9790554,8.330996
ISIC_0023315,5.083155,12.640835
ISIC_0023316,5.2146883,12.668614
ISIC_0023317,5.4190145,12.6307
ISIC_0023318,5.755988,9.092681
ISIC_0023320,5.411142,12.699831
ISIC_0023321,5.326688,12.654578
ISIC_0023322,5.3908124,12.678171
ISIC_0023323,5.8465667,9.0229645
ISIC_0023324,5.3399243,12.632958
ISIC_0023325,4.83997,8.783523
ISIC_0023326,3.953187,11.755223
ISIC_0023327,5.4381623,12.643417
ISIC_0023328,5.406852,12.704733
ISIC_0023329,5.392602,12.702631
ISIC_0023331,5.292381,12.4552555
ISIC_0023364,7.5575194,9.571487
ISIC_0023365,7.5170674,9.567672
ISIC_0023366,7.4679728,9.50425
ISIC_0023367,7.4903517,9.481254
ISIC_0023368,7.52305,9.527563
ISIC_0023369,7.4740233,9.48711
ISIC_0023370,10.919251,7.3305063
ISIC_0023371,10.919597,7.3304353
ISIC_0023372,10.919979,7.330214
ISIC_0023374,10.92003,7.3301163
ISIC_0023375,10.918392,7.3304186
ISIC_0023376,10.920482,7.3300457
ISIC_0023377,10.920733,7.3301163
ISIC_0023395,5.4818883,6.4138503
ISIC_0023396,5.4594603,8.531807
ISIC_0023397,5.4785147,8.477771
ISIC_0023398,5.465913,8.518006
ISIC_0023399,5.4964056,8.589434
ISIC_0023427,3.4675674,12.117054
ISIC_0023438,3.444198,12.122042
ISIC_0023458,2.7572906,12.152989
ISIC_0023459,2.716756,12.120642
ISIC_0023460,2.871942,12.204172
ISIC_0023461,2.8577294,12.199369
ISIC_0023462,2.9568322,12.285513
ISIC_0023463,2.9348752,12.286368
ISIC_0023464,2.91343,12.268666
ISIC_0023465,2.8467886,12.204001
ISIC_0023466,2.7654843,12.160096
ISIC_0023467,2.874153,12.230363
ISIC_0023469,2.8340178,12.19708
ISIC_0023482,6.1104794,7.1435294
ISIC_0023483,4.5436645,7.778658
ISIC_0023484,4.848265,7.457548
ISIC_0023485,4.5176263,7.861631
ISIC_0023486,4.5062523,7.7489862
ISIC_0023488,4.870143,7.386608
ISIC_0023489,4.5124435,7.71672
ISIC_0023490,4.4960127,7.7261367
ISIC_0023491,4.511746,7.6623664
ISIC_0023492,4.788034,9.791695
ISIC_0023493,4.7072544,9.518099
ISIC_0023494,4.6807985,9.219776
ISIC_0023495,6.692882,8.244647
ISIC_0023496,6.694605,8.256377
ISIC_0023497,6.235168,7.3590326
ISIC_0023500,5.478331,7.635356
ISIC_0023502,5.5230117,7.5544744
ISIC_0023503,9.004763,9.795078
ISIC_0023504,6.670193,9.716786
ISIC_0023505,6.597954,9.854201
ISIC_0023506,6.5756783,9.758592
ISIC_0023507,6.5191445,9.850732
ISIC_0023508,6.2340093,7.9048977
ISIC_0023509,6.341411,9.792401
ISIC_0023511,6.4838696,9.668897
ISIC_0023512,6.5123873,9.676409
ISIC_0023513,6.519674,9.67827
ISIC_0023514,6.3175273,9.656879
ISIC_0023515,5.826326,9.600496
ISIC_0023516,6.532533,9.554557
ISIC_0023517,6.570904,9.637057
ISIC_0023518,6.533585,9.648238
ISIC_0023519,6.272663,8.00563
ISIC_0023524,7.9757986,10.377695
ISIC_0023525,7.9749417,10.358324
ISIC_0023526,7.982922,10.361174
ISIC_0023529,4.6378927,9.000327
ISIC_0023530,4.384894,9.602045
ISIC_0023531,4.48255,9.380837
ISIC_0023553,8.018288,9.460118
ISIC_0023554,8.016883,9.460972
ISIC_0023561,5.882787,9.599459
ISIC_0023574,7.142592,8.71319
ISIC_0023575,7.3175397,8.765671
ISIC_0023594,7.87096,7.363485
ISIC_0023596,7.891304,7.3534803
ISIC_0023597,7.868133,7.3479786
ISIC_0023604,6.853523,5.453879
ISIC_0023606,6.799464,5.498644
ISIC_0023608,8.415563,7.0273695
ISIC_0023620,8.394419,7.005946
ISIC_0023631,8.251607,9.527069
ISIC_0023634,3.0664098,12.306172
ISIC_0023635,3.0093615,12.317729
ISIC_0023636,3.1873696,12.229755
ISIC_0023637,3.1237774,12.280072
ISIC_0023638,3.0973022,12.304235
ISIC_0023639,3.0743725,12.33558
ISIC_0023640,3.0540779,12.33212
ISIC_0023641,3.0431874,12.335244
ISIC_0023642,7.952672,9.557792
ISIC_0023643,3.0704458,12.333543
ISIC_0023644,3.0739462,12.332142
ISIC_0023645,3.0538642,12.320618
ISIC_0023646,6.434183,9.143542
ISIC_0023647,6.134094,9.194658
ISIC_0023648,5.931832,8.295917
ISIC_0023669,6.9973807,5.268215
ISIC_0023670,6.908826,5.3208456
ISIC_0023671,6.8226156,4.1594996
ISIC_0023675,6.253324,8.943864
ISIC_0023685,5.519053,8.592066
ISIC_0023705,9.345041,9.511588
ISIC_0023706,9.3706665,9.357819
ISIC_0023707,9.373116,9.394879
ISIC_0023708,9.344236,9.513144
ISIC_0023711,7.4638386,9.531084
ISIC_0023712,6.299095,10.746651
ISIC_0023744,6.547055,6.1409445
ISIC_0023747,6.560799,5.7645493
ISIC_0023755,6.575614,5.018787
ISIC_0023762,4.8066998,8.913784
ISIC_0023763,4.7492976,8.786349
ISIC_0023764,4.590498,8.84558
ISIC_0023765,7.9156184,4.5605774
ISIC_0023766,7.9385667,4.613764
ISIC_0023767,8.071563,6.2154818
ISIC_0023769,6.5075464,6.2421465
ISIC_0023770,6.2581587,6.83847
ISIC_0023771,6.1329565,7.176742
ISIC_0023786,4.2440553,10.275167
ISIC_0023787,4.548198,8.924064
ISIC_0023806,5.197213,8.013045
ISIC_0023807,5.6579056,7.6400533
ISIC_0023808,6.042864,7.349102
ISIC_0023809,6.9892316,4.242924
ISIC_0023811,6.9083986,4.2621603
ISIC_0023812,6.997997,4.252915
ISIC_0023836,6.087368,5.688744
ISIC_0023837,7.492071,6.896378
ISIC_0023838,7.414222,6.8891277
ISIC_0023839,5.933833,7.6005206
ISIC_0023843,5.9983993,6.7662315
ISIC_0023853,4.8892636,8.49763
ISIC_0023854,5.973308,6.7871222
ISIC_0023855,4.918677,8.430254
ISIC_0023856,4.9190464,8.520631
ISIC_0023890,7.813829,6.834972
ISIC_0023891,7.8527226,6.813548
ISIC_0023893,8.209492,10.884442
ISIC_0023900,7.0984917,4.710024
ISIC_0023901,6.0949645,6.614677
ISIC_0023902,6.246086,6.8419905
ISIC_0023903,4.818995,9.720419
ISIC_0023923,9.431188,9.633485
ISIC_0023924,9.250661,9.611269
ISIC_0023925,7.986632,4.5890517
ISIC_0024005,4.8559613,9.836702
ISIC_0024015,6.587984,10.284707
ISIC_0024016,6.485581,10.494313
ISIC_0024018,5.9442058,8.184213
ISIC_0024032,5.693614,9.482007
ISIC_0024033,5.713399,9.553183
ISIC_0024034,5.663055,9.502907
ISIC_0024072,6.580854,9.064033
ISIC_0024083,6.6396666,9.210996
ISIC_0024085,6.470185,8.331917
ISIC_0024086,6.154768,8.749849
ISIC_0024087,5.9670973,7.0247912
ISIC_0024091,6.6446548,9.16954
ISIC_0024095,6.0710077,10.156894
ISIC_0024096,5.465139,9.7457
ISIC_0024097,5.788206,9.771513
ISIC_0024108,5.291764,6.707032
ISIC_0024109,5.266876,6.71724
ISIC_0024112,5.2769055,6.7256804
ISIC_0024119,5.1780257,7.157514
ISIC_0024120,6.4797425,10.726378
ISIC_0024121,4.398184,10.779046
ISIC_0024193,6.51861,5.6530952
ISIC_0024194,6.9998026,5.1871896
ISIC_0024195,7.2972574,4.7670965
ISIC_0036070,6.5963426,4.2039785
ISIC_0036073,8.7119055,9.18225
ISIC_0036075,6.3745236,4.703524
ISIC_0036076,7.8073463,11.920151
ISIC_0036078,5.037581,12.49019
ISIC_0036079,6.2494698,6.8026814
ISIC_0036080,6.686563,5.6366596
ISIC_0036081,4.215719,9.907195
ISIC_0036083,5.4670935,8.125716
ISIC_0036085,6.6644897,10.499394
ISIC_0036086,4.2557855,9.362408
ISIC_0036087,5.5138307,7.061045
ISIC_0036088,7.218294,4.3567505
ISIC_0036089,7.2480793,4.4342046
ISIC_0036090,5.095334,8.979468
ISIC_0036091,7.083283,5.2993145
ISIC_0036092,8.014017,6.7744236
ISIC_0036093,8.022716,4.7249975
ISIC_0036094,4.2162004,9.305562
ISIC_0036095,4.288822,9.267214
ISIC_0036096,4.7894106,8.720099
ISIC_0036097,6.5258045,11.99095
ISIC_0036098,7.636632,5.412352
ISIC_0036099,5.1601586,8.928026
ISIC_0036101,6.9900126,5.2053947
ISIC_0036102,4.433762,7.5969014
ISIC_0036103,7.952434,6.270864
ISIC_0036104,7.771654,4.6130958
ISIC_0036105,4.649733,8.592846
ISIC_0036106,5.646245,5.880901
ISIC_0036107,3.9761918,9.787295
ISIC_0036108,9.154597,9.208461
ISIC_0036109,5.9762683,7.231526
ISIC_0036110,6.907169,9.167331
ISIC_0036111,8.765462,9.9005785
ISIC_0036112,7.077627,4.8708186
ISIC_0036113,5.0457625,8.05706
ISIC_0036114,7.619527,4.413101
ISIC_0036115,6.330209,7.9650655
ISIC_0036116,6.9950457,4.202276
ISIC_0036117,6.297423,6.8010645
ISIC_0036118,7.8083067,6.207537
ISIC_0036119,7.240102,4.2626257
ISIC_0036120,5.328244,6.4401674
ISIC_0036121,6.064237,5.860765
ISIC_0036123,3.8778563,12.018945
ISIC_0036159,6.1832957,12.032185
ISIC_0036258,7.360785,4.4565625
ISIC_0036260,4.7512765,7.838839
ISIC_0036263,5.829621,6.368847
ISIC_0036264,5.4435534,8.944196
ISIC_0036269,5.554482,9.123078
ISIC_0036270,7.4527187,9.549904
ISIC_0036273,6.2490134,10.577434
ISIC_0036274,8.417111,7.0305066
ISIC_0036275,6.3507524,4.695375
ISIC_0036276,5.684346,9.536065
ISIC_0036278,6.406106,5.416638
ISIC_0036279,5.7001066,5.9208474
ISIC_0036280,6.5048513,9.033889
ISIC_0036281,6.827225,4.2248144
ISIC_0036282,6.598683,5.0415015
ISIC_0036284,4.8302717,8.5424385
ISIC_0036285,4.1205273,10.243501
ISIC_0036286,6.5424886,9.473852
ISIC_0036287,7.7512007,4.5430574
ISIC_0046224,7.732341,11.857414
ISIC_0046225,6.9510765,11.35966
ISIC_0046242,5.0924354,8.112404
ISIC_0046305,8.419696,6.933608
ISIC_0046315,7.628156,11.198302
ISIC_0046322,7.591866,4.878093
ISIC_0046323,7.1062603,12.115862
ISIC_0046331,8.40118,6.8175473
ISIC_0046338,6.0829024,6.6140246
ISIC_0046343,6.785452,4.493231
ISIC_0046344,6.4184403,11.915316
ISIC_0046345,8.262896,6.6660724
ISIC_0046361,6.149766,12.062966
ISIC_0046372,6.1469264,10.730194
ISIC_0046383,6.9528484,11.672973
ISIC_0046394,3.907867,11.751445
ISIC_0046405,7.5203586,4.5659795
ISIC_0046416,6.120954,12.077275
ISIC_0046422,6.9387994,9.435229
ISIC_0046427,7.4276056,11.402886
ISIC_0046438,6.502411,6.0765476
ISIC_0046441,4.7333827,10.65031
ISIC_0046443,7.2032886,5.760612
ISIC_0046449,6.165973,12.079195
ISIC_0046450,3.9801867,11.731915
ISIC_0046458,8.071602,11.973327
ISIC_0046471,6.0723605,6.1083755
ISIC_0046504,6.4070024,11.600872
ISIC_0046526,4.224651,12.118006
ISIC_0046548,6.945104,9.436847
ISIC_0046560,7.4548244,10.982404
ISIC_0046571,5.609644,5.812565
ISIC_0046596,6.6529284,11.256893
ISIC_0046597,8.396136,6.771622
ISIC_0046609,5.554109,6.3030114
ISIC_0046626,3.887785,11.707507
ISIC_0046628,7.028776,12.067501
ISIC_0046633,6.3723016,5.803413
ISIC_0046639,6.088856,9.54586
ISIC_0046640,8.319088,10.844374
ISIC_0046645,5.8101115,12.364509
ISIC_0046647,6.5229187,11.967292
ISIC_0046659,6.2498384,12.069214
ISIC_0046661,5.0304418,11.4137945
ISIC_0046662,3.92906,11.664305
ISIC_0046664,3.8838835,11.793832
ISIC_0046667,4.526654,11.475214
ISIC_0046670,6.3432245,6.686532
ISIC_0046671,4.1061077,11.802071
ISIC_0046672,6.8405437,11.162658
ISIC_0046681,7.1271267,10.809994
ISIC_0046682,3.4966009,12.096245
ISIC_0046683,6.2949634,5.662303
ISIC_0046712,6.395907,7.0988426
ISIC_0046725,5.4387493,6.0730577
ISIC_0046773,6.1459217,12.103003
ISIC_0046820,9.253949,9.188815
ISIC_0046827,3.7859578,11.944078
ISIC_0046828,6.1997485,6.5257926
ISIC_0046834,4.4652166,7.517193
ISIC_0046900,6.3601866,6.813913
ISIC_0046908,6.968081,12.017223
ISIC_0046917,6.2623377,12.04849
ISIC_0046921,6.613112,12.080222
ISIC_0046932,8.243255,6.543622
ISIC_0046983,8.167725,9.034005
ISIC_0046985,7.5384383,11.851886
ISIC_0047003,7.1245475,4.5705347
ISIC_0047004,6.7940354,11.710385
ISIC_0047008,4.986386,11.27386
ISIC_0047022,5.979111,12.173337
ISIC_0047024,6.9648933,9.763086
ISIC_0047031,7.9348965,12.024632
ISIC_0047033,4.5538397,11.463357
